"id";"atomid";"McId";"DatetimeCreatedShifted";"GoogleClientId";"ch_isFirst4ContactAttribution";"cohortdate"
C35186ED-4942-2C5D-0503-0AC92F1828C2;-20;FC64D0EA-96F4-401D-BB14-3C319A43BA88;"2024-06-19 11:07:24.98";;0;"2024-06-19"
"19E5A3CB-11BB-9707-B843-F2C927C45C7E";-20;"2B3106BA-A01E-42B3-A98A-1822434122C4";"2024-06-14 16:13:59.567";;0;"2024-06-14"
"334133F3-A682-BDFB-7A74-015910095675";10469;D5080D0E-60DD-4F8D-A898-147A2D966ADE;"2024-06-21 01:21:42.1";;0;"2024-06-21"
"4BBB6133-7068-AA93-2AF9-49D44403D417";-20;"52C0DB97-1C25-4945-8F7E-448FA3012018";"2024-06-13 13:48:35.043";;0;"2024-06-13"
"2A1EB487-150B-D57A-95C4-C6E471AF30C9";103;"7EF9BABB-2AEE-4E70-A146-0572B1C965BA";"2024-06-23 21:57:00.747";;0;"2024-06-23"
"6622BBAA-02DC-8168-66A9-8E79691B86D1";-20;"64D4D392-6CC5-41EE-82CF-31D85D12B127";"2024-06-17 21:14:20.853";;0;"2024-06-17"
"046CB89D-CCBC-6D8D-9D8E-53552D254981";11023;"42D3DC93-FAB3-4B19-9603-11DE743C0D3E";"2024-07-02 23:07:24.853";;0;"2024-07-02"
AB4D069C-4039-B807-9499-8A5162F3D9D5;141;"2770F1F6-553B-4F90-B071-04D908DEBFDB";"2024-06-23 23:03:08.633";;0;"2024-06-23"
"9B401D9F-C5FB-E026-7349-049811EF44AA";10691;D0095998-CB8B-4D25-8820-1D2537419D9E;"2024-07-03 00:51:31.64";;0;"2024-07-03"
"07411233-DC34-B85D-E2D0-F1473F042AAA";-20;"24E22995-F2C9-4A96-8326-0C11F744028F";"2024-06-16 23:04:25.583";;0;"2024-06-16"
"1A3A8346-7230-CBC4-F974-7D45CFE8E18E";10689;A3502F07-68FB-4D32-81CE-0135AEB8C162;"2024-06-28 21:04:16.187";;0;"2024-06-28"
"5C88DE76-8ED8-7F02-1C57-970A52BF5535";-20;"9488F17E-B4EC-4F6C-B8C4-06252DE2F8ED";"2024-06-20 18:23:19.733";;0;"2024-06-20"
DB3AADDA-CA3A-1FB4-7061-BECC8A54806B;140;CFF5E2C5-5B1A-456E-ABAC-1BA6F17FDEDB;"2024-06-22 17:18:37.733";;0;"2024-06-22"
"27CD6316-A953-6EE2-643C-4BD8F2D2D057";-20;"0D17F43A-846D-4814-83AC-4B833C36B59D";"2024-06-19 06:40:08.997";;0;"2024-06-19"
CA42DC69-BD53-B51F-B73C-B976F69C8AA6;-20;"9C3DAB9A-B423-4072-89E7-8EC89C052C42";"2024-06-14 15:23:41.0";;0;"2024-06-14"
"5FC2A8A8-8FD4-DB2E-0D77-561C4784BC78";10706;"7DF6DD70-9C49-4606-98C6-0CF2C837ADE8";"2024-07-05 17:36:54.033";;0;"2024-07-05"
"12AC6A59-7132-7806-C038-2927AA320719";140;"0017DB55-FA19-4E96-9DB6-21F613C50AC3";"2024-06-25 16:23:40.627";;0;"2024-06-25"
CD4286DA-F24E-C5FA-B6AC-45942597577E;-20;"916C0CDD-A94D-4A61-A2AC-27AB5F95A688";"2024-06-15 21:50:06.467";;0;"2024-06-15"
"3E1CF9B6-542F-2F45-A6E1-722AC0B79D44";10689;"7CA4DC75-8D30-4725-AAA4-089F08DD0D21";"2024-07-03 10:47:41.063";;0;"2024-07-03"
FEC15B27-88E9-3B6C-FFE3-2A65F224E3EC;-20;D8306114-688B-4C21-9AA2-303FD0563553;"2024-06-18 12:42:41.927";;0;"2024-06-18"
"1EAA43CC-4BA3-D79B-A7DB-2A5CCBD34BE5";-20;"94F1DB3E-E3BE-484A-8321-11109A12DE60";"2024-06-14 09:45:22.487";;0;"2023-09-28"
"650CA9A6-43A9-CF30-6900-583DEA89B1B6";-20;ADEC24F7-F746-4E60-B994-388577662AFE;"2024-06-13 00:18:59.377";;0;"2024-06-13"
"8385FA29-E588-BFD6-E251-103292E95BE4";-20;B355DA71-30EA-4DD8-B2A6-0CCB1FD3B820;"2024-06-19 19:17:03.26";;0;"2024-06-19"
CB2095E3-93EB-5BAB-A3DF-EA15F9BE5DEA;-20;"1562605F-68FC-459E-9498-7F04A668035F";"2024-06-15 17:16:48.713";;0;"2024-06-15"
"9D715973-EC73-7D19-C182-EFBACCE77F3F";-20;A81FD3F3-A1F4-4FB5-8839-8ACDD7485204;"2024-06-18 17:48:46.063";;0;"2024-06-18"
B3178344-65CC-0626-0206-CBDEF4AD8294;-20;"0A4DB22D-C047-4814-A3B6-043A3B2719DC";"2024-06-20 11:56:27.43";;0;"2024-06-20"
AFFBCC81-A113-C76C-F8E3-9BC5DDCCEBB0;-20;AD14BB9F-8AAF-4FD3-9A6A-33D90E4532E3;"2024-06-19 21:54:01.99";;0;"2024-06-19"
"76B6DFC2-9C68-7692-AD4D-5AEB495880CC";-20;"2C497175-36D1-4604-9DE3-13751CDBDB16";"2024-06-13 15:35:47.017";;0;"2024-06-13"
D4196B26-B9B5-C090-BCF1-206541687114;-20;B7591D2E-8BBD-4E34-BCEB-071D448AF176;"2024-06-13 08:08:52.563";;0;"2024-06-13"
B21090A7-7AD0-C465-5710-8A6661A7003B;-20;D83977C1-D7D9-49D1-B31A-703358E8CB00;"2024-06-20 09:13:54.487";;0;"2024-06-20"
AC4299E0-3F6A-BDFF-3502-A93B8765E9C6;10018;B10F3DB9-A930-4D84-B28E-4CBED31258EB;"2024-06-14 10:26:04.157";;0;"2024-06-14"
"8A978B42-79BC-03C0-B1E8-6E38E5680229";-20;"2E57E92B-BE52-49E6-BA3A-39DF8A70F8CE";"2024-06-12 20:41:10.353";;0;"2024-06-12"
B13AFC71-9ADD-D284-B091-8A0C06087D07;-20;EA559D4A-31CC-4C2D-8F2A-CA491954114C;"2024-06-18 19:59:54.133";;0;"2024-06-18"
"041BA05C-2205-DE9C-8413-BA00CDD7451F";10018;"80B0052B-4D4C-47D9-9BE1-8B1B72B040E1";"2024-06-19 18:54:16.287";;0;"2024-06-19"
"1898DDE6-A3B3-B389-49C1-58E8727D0C4F";10641;"02EDB3CD-1D8F-4421-8716-0EF2B555D943";"2024-06-29 10:19:55.587";;0;"2024-06-29"
"16C8FAB3-FCD9-8B00-B410-B69572637CF9";101;FD4EF55D-860B-48C3-9416-1259896909D2;"2024-06-30 01:49:21.203";;0;"2024-06-30"
"8FDCC3C1-5B97-6EE0-76BA-252AB38DB7FC";10018;"6017CB47-CAD5-46F5-BCAD-0DD604F92FD4";"2024-06-20 20:57:15.02";;0;"2024-06-20"
"68A64B8D-F81D-876E-BCD8-0E621E5C83D2";-20;"9035179A-2F32-45AD-B6FE-39F20BF962A9";"2024-06-20 09:20:01.32";;0;"2024-06-20"
"47EC8E1E-BB76-B866-0B41-C648F7B5DFAD";141;ADF51FFB-D27C-4539-81A2-05AED2B2DE60;"2024-06-24 20:54:52.677";;0;"2024-06-24"
A8AA1419-1AA4-E78A-C4BF-C50A30EC3DA7;-20;B88F1B42-B150-4D00-8ED9-01A24E446EF4;"2024-06-13 14:02:47.013";;0;"2024-06-13"
"28142EAA-9ACB-115B-AC0B-8D8FD3DA44F4";141;B9A32E47-2CA7-4E29-B7C8-1E2FCFCE96AF;"2024-07-05 09:05:30.293";;0;"2024-07-05"
C5786E26-08A0-0B78-F45F-69F843D255E1;10706;DA02110E-A967-48A9-B288-0664F5BF3653;"2024-06-28 17:03:27.557";;0;"2024-06-28"
"20F4285D-52F5-68FA-1E38-99F7380B7080";141;AD40D438-8FDF-4EDC-A853-05861E802BB2;"2024-06-30 13:41:06.79";;0;"2024-06-30"
"53F8E2C6-0E6D-DA8A-1C88-FC162A2903EF";-20;FF6E25CC-2106-40AA-9368-29FF59F2ADBE;"2024-06-13 14:21:30.453";;0;"2024-06-13"
"6642D667-9926-AA5C-BA9E-69F923ECB86E";10643;"43AC3F92-7443-48EC-993B-162760E65901";"2024-07-03 15:16:06.377";;0;"2024-07-03"
B4487612-A2B0-8085-3ECF-42E06653E5B5;-20;"3889DEED-5C9B-43B1-8C12-071C4E38B447";"2024-06-11 22:12:26.003";;0;"2024-06-11"
"2BA60786-0215-2F1A-6607-A2FD7D73387A";-20;C38770E0-6C70-496B-B072-4EA07982E0D7;"2024-06-19 11:55:28.187";;0;"2024-06-19"
"805D82E8-03A9-0E6E-E972-2243AA973920";-20;"5BC5B9C9-0B70-4AA9-A067-12C9204830EC";"2024-06-11 00:58:12.923";;0;"2024-06-11"
D1075467-EE7C-2691-198C-B771D131D1F7;-20;ACA595C8-93E2-4135-A016-164FC9D7502E;"2024-06-17 14:07:03.613";;0;"2024-06-17"
"12BAAB7C-A213-E9D9-7A45-694A4EC54227";-20;"83C9B459-DF3E-4208-A39D-67B4CE9EDFE3";"2024-06-18 14:08:55.587";;0;"2024-06-18"
B786B6A4-0FE5-3FC3-CC64-F3696598EB50;-20;"4391B0B9-5C9C-431E-A257-245D14BDF59A";"2024-06-16 09:25:52.897";;0;"2024-06-16"
A3315D14-0032-6498-E3C7-A36F2FD775B2;10689;A487BE77-F0FC-476C-9832-11DBE568D4C9;"2024-07-08 15:22:19.133";;0;"2024-07-08"
"1D52ED7D-8C65-A4FA-C9C2-4FCCFB4E2A9D";-20;"7A18414B-CB33-49D8-A464-38F98B22D4FD";"2024-06-19 20:59:34.553";;0;"2024-06-19"
F07D5BBA-15E4-C957-4331-034E9535B8D6;10641;"8456FDA1-B0C4-432E-B76D-19327E936F50";"2024-06-23 19:27:29.017";;0;"2024-06-23"
"73774477-38CC-6DE9-91EC-71B755C56E63";141;"04358EF3-8A90-4607-A0B4-173B356F4AFF";"2024-06-27 10:32:36.763";;0;"2024-06-27"
DA66C3E7-89C7-FA7B-5C0A-AB201A32799C;-20;"2E955F2E-6599-4278-8EAA-1A912CB7A020";"2024-06-15 19:36:12.25";;0;"2024-06-15"
F8DD2806-3359-7B7F-8BF8-A7D916AC8D3E;-20;"0ED913F3-4B52-4BB0-8B63-72B311813763";"2024-06-11 11:15:29.473";;0;"2024-06-11"
D1F844C8-78AC-CEF9-0186-5ACE53949B68;-20;"036C20D5-729E-49C9-A592-881393C30C0F";"2024-06-19 18:17:24.69";;0;"2024-06-19"
"8B739344-132E-BF55-8FEB-7F5C2DD8797E";141;"299A5D68-24D0-4FF1-8B58-170DF663BC6C";"2024-07-06 10:40:09.307";;0;"2024-07-06"
"9AF73C81-ED96-52B8-4D84-6521A056C683";125;"03F4A0D3-B120-41CA-8C58-0FB0AD81025F";"2024-06-30 10:19:27.753";;0;"2024-06-30"
"7B773295-EF9F-1774-2F18-32FDDCC03FE7";140;A0E6501E-4246-440C-B7F9-1B839978C748;"2024-06-26 18:51:46.437";;0;"2024-06-26"
"40CEEF7C-5A85-6DF6-ACE9-C3E2383E4C64";10018;"470C9BDC-F022-4E15-8B0D-27EC6BE797FD";"2024-07-06 18:15:35.6";;0;"2024-07-06"
B0C3D639-C81A-6476-F6C0-13A0BF0BFA0A;141;C1A8624F-BF76-4F83-B3B2-4B08FA132A11;"2024-06-22 12:39:14.483";;0;"2024-06-22"
"2B4AF5C4-8922-3C89-19CC-341046E62EA6";-20;"9371CFF5-F146-43D5-AD89-060C03F94CDA";"2024-06-16 17:17:05.523";;0;"2024-06-16"
"4DF0427F-5DD3-1FE2-CA39-3078CBC87F8E";-20;E5DC2025-DCAD-409E-BC55-05104246D25A;"2024-06-20 19:44:24.067";;0;"2024-06-20"
"1EA061E2-305F-A048-6472-552B15C6CC15";101;F9F10EB7-CE9C-4737-89C9-0FC71B36A085;"2024-07-06 07:29:44.45";;0;"2024-07-06"
E08F417A-5DBE-EFA5-C254-86AD0046F102;-20;D3B3B367-AA89-40E2-B1E3-390E36180E8E;"2024-06-11 23:05:12.097";;0;"2024-06-11"
A7E7BCF2-306A-0270-9370-D897341DC571;-30;"49ACE16D-8BA1-4B65-ADEE-71C8A666442E";"2024-06-22 06:53:11.913";;1;"2024-06-22"
"925E127D-3BDE-4918-E0CC-B45674671D1B";141;"09672018-695C-4013-8D97-2A67E9547D17";"2024-06-21 19:32:10.807";;0;"2024-06-21"
"13528C05-3521-7AFC-2ECA-EE730DD28D76";-20;CFFB04BA-FDA3-4766-8050-1363DE164EEF;"2024-06-19 16:36:15.313";;0;"2024-06-19"
C52977A1-45A7-5E30-04BE-8FB9E180ADFA;140;"0714BA2F-5549-4091-B297-0A909C452247";"2024-06-28 12:39:20.577";;0;"2024-06-28"
"5E3E6CC0-9279-5C06-EBFD-F64D8A1406A8";10706;"7A43AEB0-9E50-4EF7-9351-1F521EF89369";"2024-06-27 10:39:34.363";;0;"2024-06-27"
"2F8CF65C-C098-8223-CFFD-71D96A41F369";141;"7F52417C-5A51-43A3-8F87-01A740654B65";"2024-06-30 14:19:16.203";;0;"2024-06-30"
"7BCDD938-A916-525E-AF4A-514CA68157ED";10640;"3A9C0B06-332C-40AB-81A9-11AEF4B4DD9E";"2024-06-26 15:55:42.783";;0;"2024-06-26"
"21763EA4-52DA-923E-2BCE-43A8684027EB";10689;D0CBF47B-0F6C-4D93-B4E9-04F24FD02AC2;"2024-07-08 19:05:18.317";;0;"2024-07-08"
"6706EE9D-D83E-CE89-A431-C1F3F9C9A880";101;"541348EB-E838-4B51-B2B8-069C32336BE1";"2024-06-23 15:41:23.213";;0;"2024-06-23"
B210C4FD-9E31-761C-2E78-CBF5FBF41581;101;"63FD19CF-3143-49DF-8780-0B23AFFAE987";"2024-07-05 17:17:44.99";;0;"2024-07-05"
"12DF7EAB-FC6B-537D-70F0-CC902DB4E2B2";-30;"913313A9-AD2B-4668-9E59-21D15A772C92";"2024-06-11 17:12:54.457";;1;"2024-06-11"
F6488A70-B0BA-3FC9-85D6-2ECA4C107B3F;-20;A31A9C1D-0DCE-4A23-A865-3336CDD7B676;"2024-06-15 01:24:28.15";;0;"2024-06-15"
"24E96567-88D3-DE3C-1C05-3DBC81AA98C1";141;"4F590529-BFED-4E10-A143-66A6256CC15C";"2024-06-22 19:38:24.063";;0;"2024-06-22"
F6A130AF-5141-F153-3B2F-DA1BF22FBB56;101;B7A89B6B-642F-4044-B7D0-012910277F91;"2024-06-24 10:09:31.057";;0;"2024-06-24"
"8D189DBB-D115-B8B3-E9CF-F1D04889085B";-20;"130CCFBA-D413-4AC5-9A08-9422EACB8D09";"2024-06-14 10:00:53.197";;0;"2024-06-14"
"6287BE7C-BFF4-DB5D-FEEC-ECED8F138A2C";101;"79F39320-20AF-4569-9468-097E866D3EB1";"2024-06-27 10:34:00.16";;0;"2024-06-27"
"71EC168E-282E-E55E-1100-EEB9BF7250CD";10689;"656B7D04-1E3C-44B3-B6DB-0076C7A3FDCC";"2024-06-27 16:41:57.487";;0;"2024-06-27"
"72FEF7A9-D89B-0A5B-D295-9A92455EB2B0";-20;B695ABAA-145D-48ED-BF23-4FCA27AE7DAC;"2024-06-16 16:37:55.977";;0;"2024-06-16"
E4051619-291D-0471-98FB-84105F9A25EE;-20;F9681125-737E-4E94-9D3C-440DC20AECBD;"2024-06-17 12:45:52.127";;0;"2023-05-03"
"5A02E05D-CE3A-D643-E643-0373CF971B31";140;F3269DAF-692D-4528-BD53-0492AE943A8C;"2024-06-27 16:12:04.653";;0;"2024-06-27"
C2ED6BB4-BC93-A172-092F-8E153B08CE8E;-20;"35B07BA9-42E8-41FC-A292-0F6369CA6E00";"2024-06-19 16:57:34.66";;0;"2024-06-19"
C173317D-EFF8-E561-F728-3D9A9D572F8D;141;"1C690764-3924-4056-96CE-0D27D28246BF";"2024-07-05 17:15:05.317";;0;"2024-07-05"
DCA94C3B-34B2-5824-2811-394A3EF48932;103;B1043A46-0F6E-443C-8A04-3069F419FD44;"2024-06-14 12:48:46.867";;0;"2024-06-14"
"8552E600-464A-F5EF-A657-6E3567FBD190";-20;"364A187F-32AA-49D9-AF26-43CF908F8419";"2024-06-20 12:49:55.68";;0;"2024-06-20"
FA4C1243-8A86-ED2E-44D0-62DBA4A67B07;-20;"83B28E9D-8FFE-4A3E-9556-31F2F092D351";"2024-06-19 11:52:33.393";;0;"2024-06-19"
"9F8FB9A7-2478-D6C9-3094-9DE74804F4DB";141;"953258FC-4BF5-4B8D-BAD3-17EFA61BBAE9";"2024-07-02 18:13:32.333";;0;"2024-07-02"
"515117B1-DB88-62C8-89A3-4681054E42DE";103;"737BEF82-DCDD-42CC-A1B8-338210CCC9B2";"2024-06-26 22:46:21.23";;0;"2024-06-25"
A98D1A13-D972-A01E-E129-428F32FA9460;-20;"91C27BEC-FBB4-482E-84AD-1FF12E0D97C4";"2024-06-14 07:05:32.067";;0;"2024-01-30"
"9BF1DA30-94A3-E9F3-A6B3-D9E3052F39D9";-20;"7CFABC63-2E37-4D22-9EBE-0FC20EFE6F9D";"2024-06-14 11:56:23.97";;0;"2024-06-14"
"7DA6E808-F335-BA4C-3A12-6DA6A40C8F73";-20;A3767783-F421-4763-AA71-3C14E8BE6DC3;"2024-06-15 14:07:53.937";;0;"2024-06-15"
"725C7D11-A71C-CF3D-112B-C93C766A73E5";11091;"65CE06E8-5C3F-4565-837B-1519091C1008";"2024-07-01 09:07:15.14";;0;"2024-07-01"
C9A411CA-8FE7-6EF3-338F-0781E7212908;140;B79ABED9-25C0-40BC-9574-0F3A379CCA04;"2024-06-27 16:34:07.71";;0;"2024-06-27"
"381FB12D-778C-A0CE-6C4E-88EBC2384137";-20;BB3DF467-4ECC-41A4-AD24-954D14BAB025;"2024-06-18 13:17:20.923";;0;"2024-06-18"
"1FE9E596-1EE6-F229-DCB5-4D53A39D37D5";140;E6070511-5421-4D6B-BE65-0457DBD11670;"2024-06-20 22:48:07.037";;0;"2024-06-20"
C00B0724-419C-26FE-93DF-2E45C43DB047;-20;"100D7EA8-B37C-4C03-A901-4AFCC980AC79";"2024-06-13 18:07:07.327";;0;"2024-06-13"
AD8FD9D7-D928-F2A4-FC60-3365DF17CA5F;-20;"47F38150-F09F-4259-9EA1-03E04ADC94B8";"2024-06-20 14:17:03.99";;0;"2024-06-20"
BEF2721D-3D40-558A-855C-C38D148944A5;101;E32CA305-9A9B-4862-B305-419A161BB2FC;"2024-07-06 18:57:55.453";;0;"2024-07-06"
"12E420AE-AE29-5AFD-5167-96C482C38587";10018;"26BA9F54-1119-47BF-85D8-01B48E4BC4D5";"2024-06-22 07:13:22.763";;0;"2024-06-22"
"1F19AA97-ED5A-FC7B-E3B2-DE81BC51F72D";10689;D7442B48-36CE-47EF-BE77-147D29A41391;"2024-06-24 16:01:42.617";;0;"2024-06-24"
D9CC0E17-DB37-B657-81B1-B876C2392BCA;10018;"4A8E072A-E4E0-4B57-964E-22FBDD07E081";"2024-06-16 19:29:50.463";;0;"2024-06-16"
"1CE62987-8D61-0FFB-DC8A-04EFBCCFA753";141;CC98A685-6E91-4AC2-80BB-0EDEEFAC3A8D;"2024-07-02 18:12:32.37";;0;"2024-07-02"
"98B677E4-9575-65C9-BBDA-D3606498B27D";103;"61827010-9120-46EC-9CC7-03F03260FD4F";"2024-06-28 20:37:44.337";;0;"2024-06-28"
"89E5CB42-9DB4-641C-3D20-35B9E5E18462";-20;"38698055-C38E-4DE0-8D84-1A748CE4CE4C";"2024-06-19 20:07:49.88";;0;"2024-06-19"
"9767E830-59C4-443E-4E5F-BC222D668402";10434;"7AE7976B-62AD-4244-AC8E-576D32E3CD26";"2024-06-25 21:00:51.5";;0;"2024-06-25"
FEBE682D-672F-04B6-5A23-3C1F0B349104;130;"42BCB2EB-F2E4-49E7-BA9C-008368433B22";"2024-07-01 17:25:40.817";;0;"2024-07-01"
"3E4CE7B8-9B2A-6ECD-8BBC-B82A49B73BE2";-20;EEFDDF62-EC51-4F47-BC1B-542689B0A3CD;"2024-06-12 17:52:03.567";;0;"2024-06-12"
"20BA152F-4221-6ECD-9C4F-E37455ABBBF1";-20;C7B85131-B4F2-42FC-94F6-4445106AA11A;"2024-06-12 03:54:59.86";;0;"2024-06-12"
CE5D4EE6-3460-8597-B0E1-45686BB2E3ED;10641;"469BB986-3090-41CE-A50E-01FABAD0F337";"2024-06-28 21:05:36.243";;0;"2024-06-28"
"72C544F5-5ABE-7A5A-396A-CD2E610F4C7D";-20;"6542D67D-42B8-43EA-B4F3-259729D3B5D3";"2024-06-18 20:54:16.757";;0;"2024-06-18"
"777D30D2-553D-BA62-8B6C-56216D78BA5E";-20;BFDAC08C-9AD4-46DB-8D83-702499A153C8;"2024-06-14 19:14:50.04";;0;"2024-06-14"
"36AF777F-5695-4474-1DC0-CE3B2158DBDC";141;E34659A2-35A9-4077-A4F3-40B9EB17B737;"2024-06-21 23:34:35.263";;0;"2024-06-21"
D66C6411-1469-D236-BB2F-3B70FA147D87;11050;"8ACEE5FB-7140-40EC-A227-110438599987";"2024-07-01 16:43:30.533";;0;"2024-07-01"
"2005634D-14CF-23C9-D0B4-28DDF2133A58";-20;"5647FBB7-B0F9-4DE6-900A-099CBFA6B961";"2024-06-16 10:53:43.383";;0;"2024-06-16"
AB655229-EC63-867E-C555-3D9ACCF49462;141;"79559684-0D78-487A-851B-132A6B905DA6";"2024-06-27 11:41:37.057";;0;"2024-06-27"
EC04B32D-46C4-8D6C-D05A-4CE9357A58A9;-20;"8AD351F6-8D6E-43E2-BD81-3277BA5F4B41";"2024-06-18 15:39:30.817";;0;"2024-06-18"
EC65955A-43BA-070C-DC8B-CCB4300E2905;-20;FD8F7BBB-3672-4D6A-8DEA-D58BDA16D314;"2024-06-20 11:08:59.397";;0;"2024-06-20"
"4806ADC3-A1C6-E1ED-9181-7E3B3B128828";141;"8B6DC53C-44A0-4E3E-9B85-1979A1DD83F4";"2024-06-27 16:19:50.72";;0;"2024-06-27"
F1BB3F08-6305-A442-EDB4-B5A3A6E7E2B4;-20;"3077075E-6822-421C-8D98-2A639F13B09C";"2024-06-19 02:17:30.213";;0;"2024-06-19"
"6B02DAF0-F979-7B1B-3BBB-CE47ACB41D7C";-20;E20E390C-DC7C-40B1-842B-1CB6C235C6EE;"2024-06-11 02:19:08.697";;0;"2024-06-11"
"747D2503-81E0-C8B1-A27D-76756E3A8D65";10017;"3E31320A-0817-4EC4-97E1-15BDA3064866";"2024-07-06 04:56:08.243";;0;"2024-07-06"
CFD357F2-EAB0-E275-A018-5B26EE69B941;-20;B6E458CC-42F6-46B5-922F-320832C0E405;"2024-06-19 21:42:25.447";;0;"2024-06-19"
"4303C533-753E-9F3D-3D8F-EC2D340B425F";10018;"0A7ACFCC-3576-422A-AC52-24AEF923B5BA";"2024-06-21 15:07:47.697";;0;"2024-06-21"
F8702C56-4B00-DA0C-9675-FC664A90D515;10641;"92AB9EF7-D88C-4F44-A12D-51A9B25B3343";"2024-06-29 21:55:30.117";;0;"2024-06-29"
"7B37A3FB-6C93-8608-DD46-F43B1A7CC2FC";-20;"67814151-545A-4B2E-BC77-13259C4A164B";"2024-06-18 19:12:52.467";;0;"2024-06-18"
"0A8915FF-C9BD-64C9-3140-5815276DEA5A";-20;CF1012BC-5498-4A41-81FA-2639840F1B41;"2024-06-13 23:07:15.217";;0;"2024-06-13"
"5775A8FD-299E-84A8-B892-92A3CF644A7E";101;"4F39B167-9039-4EEE-8305-26B35CAD28FB";"2024-06-16 01:20:02.633";;0;"2024-06-16"
"413DBC10-D229-3E2A-6F56-F602C3B10CB1";10689;"83A4BEF2-81BF-42BF-A579-02E8D7DA1D83";"2024-06-29 22:19:23.013";;0;"2024-06-29"
"7C1F4484-D9E4-2455-4E56-F240076532D7";-20;"1EBF48C9-BE0B-4FF5-BF42-1B36E9D1E2B4";"2024-06-12 19:30:25.713";;0;"2024-06-12"
"13E65CFE-2DF4-7831-65DD-527371EFBC76";140;"14956F85-3332-48F0-B274-2DF3B7D91995";"2024-06-22 10:08:08.893";;0;"2024-06-22"
"4BBB99DF-C933-818A-94A2-9563F1F35F4D";-20;"570D3E25-EE5A-4048-889F-52D2273D9C7E";"2024-06-11 21:40:33.193";;0;"2024-06-11"
"488E193E-0BD8-227A-785C-DE6BC03E6E7A";-20;A5DCB5E9-7E95-48C5-A7D8-1F0E6BD8D203;"2024-06-12 01:18:47.363";;0;"2024-06-12"
AFD88B55-FC48-602C-6EAA-1E3B12E35298;-20;D3EE3D5A-C1CD-45C9-9532-56690E1865B8;"2024-06-18 17:26:01.833";;0;"2024-06-18"
"11ECD71E-F4D5-001E-F1C9-89D66BCCF3DC";10017;A012703A-04DE-438E-8818-0190581DBA98;"2024-06-28 19:35:38.177";;0;"2024-06-28"
D06A5733-FBBC-0301-BFCE-A0B56FB17CC0;-20;C39F7D4C-D612-4902-A11A-26A21C88F8A7;"2024-06-19 19:49:22.767";;0;"2024-06-19"
"254A9A1D-0047-07C9-C35F-237ADD2697D7";-20;"60B1D668-9E78-4C14-89B4-7F844945089C";"2024-06-20 13:24:36.877";;0;"2024-06-20"
"24F066DC-AA90-DDF0-FE73-902E635B05A4";10018;FF55A615-17D9-4309-95BD-144090EB8714;"2024-06-27 23:23:33.803";;0;"2024-06-27"
"6CFB568B-9D05-B3B8-E5D8-B3EF36DB314B";-20;"5EDD51D6-2425-4A1B-A39A-22F53ACA57F7";"2024-06-11 22:55:01.267";;0;"2024-06-11"
BA929F46-FE15-9E20-FFFF-C9E7DE3BB1DC;-20;FBD95884-51D6-49D6-B266-1DDF7FDD80FD;"2024-07-02 16:07:24.63";;0;"2024-07-02"
E43F6D50-018D-4FF0-6633-88EBC2F281F9;-20;DF836414-2639-4C6C-B644-19ADDD372654;"2024-06-13 09:46:15.02";;0;"2024-06-13"
"7208D61E-852D-B808-589D-7A73143E9EC4";10017;"15342019-F274-4C10-9CA7-4E622C0BA699";"2024-06-29 11:54:50.71";;0;"2024-06-29"
"9FEDA0A6-FC7C-26AC-405D-930AE0AE1E46";141;"4FDD24CA-488D-4A71-93F6-07153C77187A";"2024-06-29 17:44:51.44";;0;"2024-06-29"
DAA6220D-E9EC-F36D-FCD5-5E142E79F4B3;-20;"6A04A421-4021-4746-ACED-21E0D3C894C1";"2024-06-19 12:19:15.327";;0;"2024-06-19"
"24FDB9D3-4EDD-9E06-534D-13383E8630F0";-20;CA070A6D-952F-4075-918D-194A235E930E;"2024-06-12 08:36:12.653";;0;"2024-06-12"
E8A6F073-B60C-589E-68A8-E2B0F61C5153;141;"4EF0AC97-4D3A-4614-BECA-30CD23FAF511";"2024-06-25 11:52:23.82";;0;"2024-06-25"
"2DAF1FE9-DCD3-5BA0-E927-45CE92267A1F";10018;C5C0331E-8E4F-4285-9A93-49456178C445;"2024-07-02 00:21:24.333";;0;"2024-07-02"
B2DB70C1-DE12-8FE5-B9EF-AA9A87FE0E5D;10659;"976DAAEB-D8CC-40FD-93E7-2AAAB6F06073";"2024-06-27 00:16:25.15";;0;"2024-06-27"
CA297D7D-E35B-A952-5D39-398A55D87FFE;-20;B5FEA832-1BDF-4077-B351-3AB69AA2D8B0;"2024-06-12 21:35:12.697";;0;"2024-06-12"
"4887124D-5836-70D5-8A5F-12713F2D63DE";-20;"71C85B3A-D593-4854-9D77-10300BA91130";"2024-07-02 14:23:43.28";;0;"2024-07-02"
"271EFC57-C02A-02CA-B0D7-6A4BF4BDE609";111;AF807819-F50C-44DE-BEDB-00F7DDC46FC3;"2024-06-23 15:33:52.23";;0;"2024-06-23"
"0D8C4D93-E0E6-851D-CA5D-7E3B6C19045D";-20;"3D4EED33-F96E-4E4A-946B-0B0CED7D333D";"2024-06-17 05:57:24.263";;0;"2024-06-17"
"497C2784-DF78-9CA1-A584-A382284E8FAE";-20;"5677495E-403A-4F1A-9CE0-0B91E38405CD";"2024-06-17 22:22:41.84";;0;"2024-06-17"
"2E79E0C6-490E-B951-A268-DD34765E7E29";-20;"9999E99C-193E-4369-A8BC-22FDAED4D7C9";"2024-06-19 13:37:02.307";;0;"2024-06-19"
"17F2238E-0677-F660-BCF3-9DAA78551B04";-20;D1ECBBB2-1EDB-4A09-8E7F-0399863A1038;"2024-06-18 12:06:04.53";;0;"2024-06-18"
"253E658D-A4DD-901D-6A43-63A7A75C40DF";-20;A9262A5A-4BAD-482F-AA32-187C69AF3024;"2024-06-16 10:36:29.547";;0;"2024-06-16"
"628F1EFC-9BC1-61D3-3D5A-FF5638BF673B";-20;"4114F2A6-DE01-42B1-8146-070B0AB2401B";"2024-06-11 16:40:08.273";;0;"2024-06-11"
"277FFF8D-84F3-F785-DBDA-557D08D1727E";-20;CACBAD28-4ADB-43AB-AEE9-5A48907A4ED2;"2024-06-11 23:18:12.18";;0;"2024-06-11"
E996017B-3462-8F2A-4B8C-A0E79F8772A4;-20;DF92E7C4-49AC-47C1-BF2B-3CF570B2D89B;"2024-06-11 22:48:10.353";;0;"2024-06-11"
"9D733616-E84E-ED9F-D57D-95A6553B52B5";10502;B5F878DD-7067-447F-9807-067EC567731A;"2024-06-28 21:11:37.047";;0;"2024-06-28"
A3E709A9-A2AC-9A25-8FAB-58CADE3414C2;-20;C52CB77E-E5C3-4331-ADBD-0E7E615A7038;"2024-06-16 17:09:34.933";;0;"2024-06-16"
"8CA62537-977A-BD98-A8C5-CAAFFABF5454";-20;FBD27657-E745-4227-B475-3D9BA72DA1DA;"2024-06-19 20:24:30.18";;0;"2024-06-19"
FFE717CA-9619-3352-84F1-5948B050A385;-20;"1646F0E7-E534-404D-B04B-3AF40E6B38A0";"2024-06-16 06:47:34.527";;0;"2024-06-16"
"27094E5C-6294-618A-EC4F-80AB479A537C";103;"26E7810C-837F-499D-B4EA-6B8FAF67B78B";"2024-06-18 21:49:25.683";;0;"2024-06-18"
"9CEC9B29-A223-6ABF-7AA9-8BB290D69505";-20;"06DB6EE2-CF2E-432D-96A7-44CA8C54D0BA";"2024-06-16 21:59:51.943";;0;"2024-06-16"
E47586B5-5FC1-BD7D-195C-853D1F7CE7CC;-20;"10B8A914-6E74-4D22-A9F9-42AB6B183423";"2024-06-18 12:35:25.86";;0;"2024-06-18"
E7D753A8-E710-129A-DF82-D3E2BFBFDA89;141;"5103FFC1-161A-427F-841F-1CD5A8A08EB8";"2024-06-29 16:34:02.86";;0;"2024-06-29"
"3CACC465-3DDD-3065-316C-330400B1C487";-20;CA66A351-99D8-4A27-9680-41F26FB2A201;"2024-06-17 22:10:58.997";;0;"2024-06-17"
"94B9FCD8-899E-E344-2431-D7084351634D";10689;AFA549BE-0FF8-4FB6-BD1F-1539C417EA08;"2024-06-23 21:39:29.533";;0;"2024-06-23"
"431EFC56-8300-95C9-29FF-48708A3D96AF";10018;"189033C7-F951-4CA6-B010-5D022FD54BD8";"2024-07-02 01:47:28.48";;0;"2024-07-02"
"78AEACD3-98C7-767B-9FE2-89191FFC2548";-20;CFB44D9F-0DD8-4393-9053-704F555BA3A9;"2024-06-11 19:29:02.717";;0;"2024-06-11"
"1EA15AB6-DE0B-9257-32C1-D4BDAEF97275";10018;"987FEDE6-CB05-4478-8B0F-3EE5E6A0249A";"2024-06-25 20:15:16.537";;0;"2024-06-25"
"44924E8D-F318-2C2F-A232-EEB820A2700C";10689;B49CFB5E-D2F1-461B-BE81-131C073933F0;"2024-06-30 16:44:01.453";;0;"2024-06-30"
B140227A-29D4-0055-25D5-97D3DA51B83E;10689;FA84B1B4-305C-4F13-A736-10AA5D27C9BC;"2024-07-04 13:16:11.89";;0;"2024-07-04"
FEE04656-4E3B-51ED-2730-9FF9F085299A;101;"7F16D7F8-C525-4A5E-A5B8-0373E02573A8";"2024-06-25 20:50:49.197";;0;"2024-06-25"
"251B1CB1-CE87-E0B5-07C5-9157B563B73F";-20;"549BA401-2E80-4893-ABCC-025AAEEE2A4A";"2024-06-20 19:08:51.977";;0;"2024-06-20"
"3F851A2D-A1C3-0014-6742-EA4B71FE2518";-20;AA55556F-FB82-46E3-A42D-2773B0D5C67F;"2024-06-20 18:11:22.7";;0;"2024-06-20"
B6A304B7-7694-D8B8-819E-1445987D9F49;-20;"28B9B936-DFA5-4A27-AAE1-270D2055CCC9";"2024-06-12 07:25:03.407";;0;"2024-06-12"
A87A72EE-876D-C65A-7581-3DB1132ECCAC;139;E9A9F661-4B4E-4B97-AFA7-1E448DE046C2;"2024-06-20 21:26:08.027";;0;"2024-06-20"
"81B4AD6A-2FD4-2948-5AA1-EB34AC5C6FB6";10691;"1714237C-BBF9-4A01-A9C6-07DF41011577";"2024-07-01 13:53:15.42";;0;"2024-07-01"
"6B4FEFE2-4ED5-48EF-2A4A-D00F461C722D";-20;F8D83C8C-C817-4599-81E3-17FD0A250E87;"2024-06-17 11:09:51.477";;0;"2024-06-17"
"04129325-EB49-167F-B04B-8ECA83EC0C17";139;"5AEC7B35-C600-40FB-8CCE-31B0FC2DD948";"2024-06-30 09:20:44.487";;0;"2024-06-30"
C1CEA92A-63CB-A5F4-D9E1-4DEDB35B7391;125;BF2165DF-59AA-4BCA-9D48-0B1DAF01EF4A;"2024-06-30 09:56:14.12";;0;"2024-06-30"
"99EFB443-D5AD-B2FC-31F3-A01F02EBEED6";10643;CA7FC6D6-AFF8-413A-A701-04C82254A17F;"2024-06-23 01:41:51.243";;0;"2024-06-23"
DCF42BB1-BEDB-9FDE-E452-94C5259D3B07;-20;"1DC5CAC6-289D-46D7-8495-281904BDD778";"2024-06-19 14:36:04.167";;0;"2024-06-19"
"0A359CE0-0804-E73D-7BE7-4C510BF9A292";10691;"9A3517B3-92AC-4E86-BD9E-0C4CA4AE1F8F";"2024-06-28 08:54:34.547";;0;"2024-06-28"
B72ECECF-E227-C03A-587C-C2D6EAD12FBB;101;"8167D921-6A8D-4107-A370-91CC795D5A3C";"2024-06-25 00:55:10.503";;0;"2024-06-25"
"98904129-FAA9-E829-BE9D-58A392E72BBC";-20;"3F2E7FB5-0AD3-4148-90B4-17AB5274DB58";"2024-06-11 17:25:18.04";;0;"2024-06-11"
"311F3382-85EC-A51E-66E9-E25F9A62C586";-20;EFF7BE17-4293-4CDB-B203-23C353097990;"2024-06-11 10:16:18.713";;0;"2024-06-11"
"86791527-D3D5-B294-DE64-E073464B4676";-20;BE73ACEF-BE06-4B92-A37C-42AA37EC9A02;"2024-06-19 11:46:30.887";;0;"2024-06-19"
"38C1D703-E089-0A71-543C-28173BCA5C73";-20;A02EA999-F5F4-4EA2-B9BA-20CAB18B3ECB;"2024-06-12 21:36:53.137";;0;"2024-06-12"
"6B87B681-67D7-48DC-BA84-6508236B785B";-20;"39C1C8A7-2212-4503-B361-19ED299A7910";"2024-06-14 14:30:05.227";;0;"2023-05-30"
"569D7963-6F9B-02DA-B471-72EBFF3A94CA";10689;"6B6AF9E0-C133-403A-B9CE-023D6546B568";"2024-07-08 08:55:39.657";;0;"2024-07-08"
DE7AC454-29C2-06F4-F877-BAD604378560;10706;"6C2F4EAE-768E-4192-9C1F-2D6FCD7F8C73";"2024-06-28 19:48:38.503";;0;"2024-06-28"
"4A6A130E-E4C7-94C9-4EE3-F761D6FD0F30";141;"64AF0FF1-3317-40AF-9BDB-32FAE20C7C28";"2024-06-21 22:46:38.767";;0;"2024-06-21"
BBB7DC83-8793-82C4-B6A2-3788D98D6E59;139;F78706AE-7BD8-452F-BC6B-2144133E045B;"2024-06-21 08:01:01.157";;0;"2024-06-21"
E6627AA1-4164-63DB-538B-FA20A7C23827;103;"4062EA36-4CE8-4F87-A15F-0D03FCDA3689";"2024-06-26 20:50:33.373";;0;"2024-06-26"
"8A37A2CD-FD05-DE71-F834-449385DFFF13";-20;"76FBC3BD-393E-416D-9DD7-02A08888A606";"2024-06-19 22:08:09.333";;0;"2024-02-01"
"6CE67A4B-7147-25A9-D32D-F01D6E8F4A89";-20;B9B45AA9-261B-4620-99B7-9A4E9E5358E8;"2024-06-20 08:41:04.68";;0;"2024-06-20"
"66436677-D471-0074-6549-0F2D672C114F";101;BD00824A-9726-4B92-BE64-059CAED814D6;"2024-07-08 20:42:16.673";;0;"2024-07-08"
"7BF1EE46-4012-2E1B-AB7E-009D0A1AD062";10018;"8672320C-7818-4E95-A047-00D55C7D0308";"2024-06-24 18:56:28.757";;0;"2024-06-24"
D29331D3-70F0-A7FC-6484-EC2CA52AC797;141;"8090500F-1FBA-463B-9F51-0E58B7B0F194";"2024-06-26 00:59:41.13";;0;"2024-06-26"
"0ADF6774-B741-426F-3E31-CBD958FE9D4C";141;"0ACC0901-6105-4F56-9345-09490AC568F2";"2024-06-21 08:18:32.463";;0;"2024-06-21"
"68ABD897-BF79-EBD7-99E6-B975C21A60BD";141;"7A1C0CC5-DE7B-4B70-A674-021411EB5914";"2024-06-27 15:05:32.77";;0;"2024-06-27"
"98F32ECA-3C0F-377E-A0CD-7D0BF110D033";-20;D1EE97BF-9060-4F0A-A5F9-0CDEE3F60C10;"2024-06-19 21:31:55.963";;0;"2024-06-19"
"662F8A2B-74EC-7D50-DDF1-35FEAA15D0AA";141;D6CA5296-3EA7-44E8-BA26-1CA37CC2D173;"2024-06-27 08:21:07.19";;0;"2024-06-27"
"337821CB-909F-2A49-08C1-6969DE45A0B5";101;F149CFD7-B7AC-432B-83D2-0078C9495842;"2024-07-08 01:55:14.3";;0;"2024-07-08"
"9AE459D0-83EB-6F28-B4D0-22B8E9701E7E";101;B7E5C710-E765-479C-A9CE-1B0ABB3EFB4C;"2024-06-30 10:21:36.453";;0;"2024-06-30"
C83F3A2B-93B1-D711-404E-554ACA58E6B3;-20;"11090A90-D502-4B5F-AB44-720ED649F0AA";"2024-06-14 10:34:32.49";;0;"2024-06-14"
"15FF4991-674D-71C9-BE5F-885DADD2C701";103;FAA395F9-7F92-447D-8F4D-1DE118AAB86F;"2024-06-25 14:46:32.53";;0;"2024-06-25"
"050415CA-C588-152E-D52C-B55C09593C5C";10432;"5B906B22-DDE2-4023-8FAC-1C00D0D6E1E6";"2024-06-21 21:45:01.637";;0;"2024-06-21"
A8A6A524-D726-45E9-2582-04672E4C2380;141;D9D6D0B5-6439-4AB4-8CD2-0078D43920F5;"2024-07-06 14:31:56.333";;0;"2024-07-06"
"7B394458-427E-7DC2-63B3-C9AC03DF43F0";-20;AFA9B47D-E361-4357-AFF6-3EA5912C006F;"2024-06-17 12:01:43.467";;0;"2024-06-17"
"4F82DFF4-1102-3083-89F7-3E44E4C406F7";-20;"5B9739AC-0264-4943-9DAB-27B30068903B";"2024-06-20 14:56:51.38";;0;"2024-03-14"
FE3619FC-5C9F-CAD2-38BB-1BAC18348DD2;139;"708D9120-5144-4080-B21B-0654604CFF54";"2024-06-19 08:56:26.587";;0;"2024-06-19"
"548D715B-0ACF-ED52-A32F-B65707DBA203";10018;"99273988-49FD-4ABC-9AC9-04B5F6FBA789";"2024-06-22 07:53:06.657";;0;"2024-06-22"
"15D01377-E852-FCB3-51AC-8DC5AB56F77D";-20;"63BC48DF-090A-42C9-95C8-32AFAE64FB6B";"2024-06-11 11:52:35.277";;0;"2024-06-11"
DED88D3A-0558-918A-424C-DEF2F2CB09E7;101;"5E015392-F6A4-45F8-A4B3-0015ACC08CA0";"2024-07-07 15:26:33.213";;0;"2024-07-07"
AA0C47BE-0415-D963-FCBF-B79DA1341993;-20;"8A01135D-912E-44B2-8D26-016D93355DFC";"2024-06-15 11:00:29.043";;0;"2024-06-15"
F4AC940C-0DA9-CF6E-0E00-C3B3F1BA9088;-20;"16894E97-F256-4422-B938-14DE921E46F7";"2024-06-12 22:33:53.167";;0;"2024-06-12"
C2A79578-C458-A770-79E2-B117F3DCB5D8;141;"7615B6EF-9D78-42DC-90EA-28E8B4F486D4";"2024-06-21 21:43:48.55";;0;"2024-06-21"
"2DD94E8E-041E-7612-D1B0-0EE7D3B1C3DE";10018;"6122C8DA-4DB9-41E5-87A6-109DA64FB338";"2024-06-25 18:32:24.35";;0;"2024-06-25"
"4BF41B19-E473-6CC8-1403-CDFA474A3CF5";-20;"14A1C05E-271E-4A7D-82D6-7C651AABDD3F";"2024-06-19 09:44:02.923";;0;"2024-06-19"
FFD94700-9776-B07C-F3C1-507AD2D4C359;103;"55CD0406-1411-4059-B026-2608507727A7";"2024-06-25 10:40:04.053";;0;"2024-06-25"
"2BE0851D-C1A1-3CA0-4384-129A273366E9";101;"79B5CC26-AF86-4959-A6CA-138048825872";"2024-06-23 12:14:04.55";;0;"2024-06-23"
"72C78478-09C4-9316-906E-24C493BEAD37";-20;"4AE5F704-C8D4-45E5-85D6-2056169FBA9B";"2024-06-18 16:54:42.637";;0;"2024-06-18"
"87DD7689-2C3F-9DE8-7F07-60C390080CC6";-20;"5DC7767D-0CCE-47CD-AE69-57D9838C4436";"2024-06-13 14:39:25.21";;0;"2024-06-13"
"2854C1EA-417B-A291-6CD4-6E088D42BD72";-20;CF3D33C2-00FF-40CC-B5DC-52CB58E0B49C;"2024-06-16 16:31:21.31";;0;"2024-06-16"
"856A5045-7195-5F3F-D555-75D46450E912";-20;C8C743EA-F386-4E84-9143-032ADB26EA7B;"2024-06-12 20:27:45.963";;0;"2024-06-12"
"9F5F5B2D-0846-793E-5962-F8417E40D7FE";-20;EB1D9FB6-899E-49D8-B28D-18DE7E657EC8;"2024-06-19 19:42:17.623";;0;"2024-06-19"
"86AA403C-338D-5E5E-7781-A740D1174277";11006;"9C57BA59-1670-45A7-A963-0D043514619A";"2024-07-07 23:58:10.723";;0;"2024-07-07"
"2DB0F899-B789-E1A0-8D2C-5B9302B42504";101;"5EE0A190-9F26-4C41-88B2-160EA2DA061E";"2024-07-02 16:49:56.223";;0;"2024-07-02"
F7270ED0-94F6-9E8C-B1F2-3D62D33BC536;-20;"26367762-3FB3-4C6B-B10A-275C58020B80";"2024-06-28 09:04:27.417";;0;"2024-06-28"
"7C1D11E8-1BE3-50A1-1173-3434198307D3";-20;"55121F00-0839-4994-9999-7431CE5EDB49";"2024-06-11 00:13:17.887";;0;"2024-06-06"
"59DB5D0B-55E5-43F4-6EFF-A15D42180488";-20;B0B5CB16-F4C7-46FE-933A-236B54B446C0;"2024-06-18 16:37:18.737";;0;"2024-06-18"
"3C6B1403-429E-6F55-C104-7E4AAEF7B5C2";10689;C7D721D4-4DE2-4F89-8449-2123C1F62F43;"2024-06-26 12:07:15.013";;0;"2024-06-26"
"8803C742-133E-68B5-93A4-D03D2F18F901";-20;"8CC99F6E-95D4-4F58-AB5A-1E575FEDD4E1";"2024-06-15 16:00:16.327";;0;"2023-08-07"
"68D3BF48-BEEF-8523-98F1-AA8EC063D217";10691;A94B4622-2966-48D6-9389-06C518DBCF91;"2024-07-03 20:17:26.847";;0;"2024-07-03"
"5D09C851-C9C6-ABC6-4B57-3D7DFB5939DA";141;"7845FFA1-1A97-46E8-90A9-140F8A7C424B";"2024-07-01 12:43:48.907";;0;"2024-07-01"
"2F0965DA-C270-DB7F-2BA4-B0CA71E15BAF";-20;DD6F9994-E3A8-4E3E-81A6-2AE50E9FA4B1;"2024-06-20 19:01:13.83";;0;"2024-06-20"
C5EDEC47-8C0D-8251-DD87-B19F8BFC9307;-20;"445B476C-1418-4E2C-B95F-75E99BA1D13C";"2024-06-14 14:11:37.943";;0;"2024-06-14"
"1E868BAC-415E-09FD-7BB6-A402AB01C315";-20;"1AF89100-77E4-4355-B711-5B9B1F4B98EE";"2024-06-15 22:20:22.76";;0;"2024-06-15"
"1649D292-F160-4053-0B24-862EFAF85BB7";-20;"6379ED1F-DBC5-4CA2-BE54-39666E062657";"2024-06-11 18:48:46.437";;0;"2024-06-11"
"053CF79A-08A6-0D7B-294E-625D478A099E";-20;FEE9A249-510D-42AB-B653-383049927AEE;"2024-06-12 22:24:47.54";;0;"2023-11-01"
"1A2BE534-21EE-255D-9C94-DAA4652E6376";103;EB32C209-D037-48FA-919A-1CABF9D691CE;"2024-06-29 18:24:22.617";;0;"2024-06-29"
"5E61F8E9-9CC7-7C57-BD79-E8D2ABB04C70";-20;"48C0F177-5245-49DC-A2E4-1A54A97681CD";"2024-06-19 07:58:13.117";;0;"2024-06-19"
FED4C8D9-9474-7CCB-0534-E87E01FA2CAE;10691;"7B00719C-8CFD-41A2-99DA-03440FAE3DE6";"2024-06-29 15:46:23.303";;0;"2024-06-29"
"787AA48B-9D21-DB60-CEF8-9622ABFE7F3E";103;A66CC63F-2D1B-46C4-BC5E-42A92280333D;"2024-06-29 18:55:31.307";;0;"2024-06-29"
EA497B53-3146-9463-FC8F-34B14F5E5715;10659;"28C8B0F0-2E2E-453B-8558-08B66A60E71C";"2024-06-25 15:46:32.653";;0;"2024-06-25"
E0C42533-7B68-2746-404F-C03A92CCE6E5;10018;"80A602B2-D686-40F7-877F-372055E44026";"2024-06-23 11:07:27.49";;0;"2024-06-23"
"6EB14F64-C551-9B1A-0A4C-41F009D43EB9";-20;"3A6DC785-08EA-425E-80F3-03702EC15DDA";"2024-06-15 14:55:26.32";;0;"2024-06-15"
"5F01BBFB-9E4F-DDAD-9B43-34591D05F9FD";141;"820B8454-0D21-4D98-99A7-206ABA7B0882";"2024-06-23 01:05:18.34";;0;"2024-06-23"
"36285AC3-98B7-8332-1AF8-0A8E41049253";-20;"14556D9C-80BE-4514-9AD0-51D45FE1B14A";"2024-06-11 13:55:16.597";;0;"2023-08-10"
B7C139CF-F83F-4255-FEF6-3DCD2C2FD401;10691;"773A0DA1-CCE2-4128-9362-181AE21EC267";"2024-06-30 09:07:18.303";;0;"2024-06-30"
"66CD230E-C6A8-18E2-945B-2C8023D51F18";11004;F8DEB968-410D-47AA-80B4-11E3E0E1E4D2;"2024-07-02 13:07:35.473";;0;"2024-07-02"
"6EF48D10-3787-1AA0-ADED-90E50FF6516F";10018;"0CECA1E9-E2A3-4EE2-B22D-83F60C3AC9A0";"2024-06-23 10:40:57.68";;0;"2024-06-23"
"1F346B62-DD04-91C8-CCF5-B53EF099B678";141;AAE3E125-C5FD-443C-9D9B-11DC1FCF5538;"2024-06-24 15:18:53.983";;0;"2024-06-24"
"5D8FECF6-70C3-BF26-71AA-5FD3824F0F7E";-20;E7BCA083-C9B3-46B5-86C2-2892543A8CA1;"2024-06-19 09:24:42.35";;0;"2024-06-19"
C59A359C-B017-7C49-20C4-7D750EF213D6;-20;"7CCD5B81-8A9A-4B98-A8E4-5EF558145463";"2024-06-18 18:28:08.393";;0;"2024-06-18"
E3B8C181-0032-7451-989B-E1EDE8CA77FD;-20;"8C4C2699-7645-4DCB-9256-3DD0DA5865EA";"2024-06-17 23:52:24.603";;0;"2024-06-17"
"8F6F534A-461F-5209-C97C-5A525D55A547";-20;E735AE68-4A03-47D4-B4E0-3A286F9AA503;"2024-06-15 16:38:55.207";;0;"2024-06-15"
"2D00E5AA-82FA-989E-2316-8BEC326BC54B";101;BD956685-A4BE-4E9D-839E-1FB513D17DC6;"2024-06-29 19:37:52.96";;0;"2024-06-29"
E9F5968B-0941-6A45-4967-993DAD26A7D1;10696;"5DC6636C-D157-4EFE-8F37-09F386CB9887";"2024-07-02 00:59:49.267";;0;"2024-07-02"
FEE52782-3695-E56C-AD74-CA29DF897299;-20;"177FF458-86C7-44BF-A919-002FC9D76350";"2024-06-20 08:37:07.37";;0;"2024-06-20"
"139C5F19-CC88-59ED-56F1-268B7666CD30";10691;"01B0FE42-B788-4C40-B2B5-2B196C941E65";"2024-06-28 12:31:28.893";;0;"2024-06-28"
ED01710B-EF26-9595-AE17-F638F4038C2B;101;"2FC05A2D-4F29-408B-983A-2C16E53F4012";"2024-07-02 12:12:08.837";;0;"2024-07-02"
"58267A92-325C-C1D0-76C0-8B830F97233D";101;"82D33176-A826-4F54-B654-08493C82A711";"2024-06-26 15:00:54.203";;0;"2024-06-26"
DFF31256-7409-8210-1EBF-EF9F2D9B955C;101;F0C5B08E-566E-4EFD-B807-2FC9882B58DC;"2024-06-22 18:47:20.8";;0;"2024-06-22"
"3D47754E-64CB-B11C-B12E-3196187F6370";11006;B3C6DABA-6533-4B17-9801-0EEE6979B6BB;"2024-07-01 20:15:08.743";;0;"2024-07-01"
B7916D45-34C9-EAA9-C698-0AC1E8F60736;-20;A06D9F9B-930A-4F17-B4C3-0C77F69978AA;"2024-06-20 16:12:44.257";;0;"2024-06-20"
"6CB1A777-B80F-92EB-0E5E-DF3AA6D39CA2";-20;"424C693C-2FFC-4728-B666-7D9DE9FA0F6D";"2024-06-11 23:29:22.563";;0;"2024-06-11"
"43798BBD-39B1-9907-47CD-62462CA10790";101;D6908BE0-BD29-46A2-BBB9-4576095BFA95;"2024-06-24 19:38:06.7";;0;"2024-06-24"
D76D0B03-02F2-F0A7-E455-C7AA5C08CCB7;-20;"45AFD05F-E839-467E-BCEE-0DFF5896B789";"2024-06-12 23:07:04.943";;0;"2024-06-12"
B73D889A-2775-436F-4C84-6CECF47EECAD;-20;F6D29E25-8C99-4A2E-B653-03475F550305;"2024-06-12 11:36:10.213";;0;"2024-06-12"
"30AD1F23-5075-405F-0BF5-02A1540EB226";101;"8B838DE5-5CF9-453F-B983-0086E8088CBE";"2024-06-26 20:54:19.037";;0;"2024-06-26"
"68CAADD2-0C95-7CB9-0385-244C5A75EB51";10640;"890F01D6-D267-407B-817F-22C43A466435";"2024-06-22 01:57:47.67";;0;"2024-06-22"
"5BD397C6-E763-476F-1284-10B3A0398E7D";-20;FD264C99-9CCA-46BC-AAFF-732EC1995F2F;"2024-06-12 18:00:46.563";;0;"2024-06-12"
"4CDC52B7-0A35-640D-2996-A0CD3334D44D";-20;"2FC1F7C7-1C34-4313-AD06-15BC1C61DD71";"2024-06-18 18:28:40.907";;0;"2024-06-18"
"1E261579-06AD-B197-5051-CF1AD34E6026";-20;"44EE08E7-A59E-4E13-A3B9-059A42019458";"2024-06-17 13:45:15.357";;0;"2024-06-17"
"23CC3AA4-F6B9-3DEB-7AB6-29150127D93A";10018;"84220DB0-DC18-4483-85F4-12EBDF1496F3";"2024-06-21 15:10:42.367";;0;"2024-06-21"
EBCF0C93-5BD5-8F8E-154E-D6B4368BF929;10018;"5A27D9E0-C7B6-4F23-AB00-07C88E354234";"2024-06-12 10:36:21.893";;0;"2024-06-12"
F53BEA54-923E-D14D-338C-84A837700EFE;-20;FE350A67-25B0-4D23-BE42-4D88C443ABD8;"2024-06-17 07:49:49.953";;0;"2024-06-17"
EEC83AD3-69BC-5976-0F35-EEEEB40C5FF9;10018;F32434C9-B95F-4693-BE0C-3589458E2AB9;"2024-06-20 20:47:47.833";;0;"2024-06-20"
"596AF431-2E37-EE8B-CD23-281BEFF88E86";101;"3110C2BF-F99F-4359-B33A-07945A808CBA";"2024-06-30 20:42:35.133";;0;"2024-06-30"
BAB5AC1A-6A3E-8FD7-726F-B0B8E73D1560;10469;"97A34003-3E72-40B8-977E-271AD0E3092C";"2024-06-28 08:41:01.98";;0;"2024-06-28"
"188F0440-BC5D-302E-0000-EAE7DD3F7F38";10691;"1E9D9F06-231B-4784-894D-1DB7BB27B0FE";"2024-06-28 14:10:38.97";;0;"2024-06-28"
"981EF97F-0998-6F99-4660-460ADD2795E7";103;"0D383BEF-520A-4A51-983A-0B8CF9A071AA";"2024-06-25 11:07:09.93";;0;"2024-06-25"
F4D38A86-3F78-DEE9-0852-13FA891C13BE;141;"74BF259E-19A6-40DC-A071-396E032F39B7";"2024-07-02 00:12:08.77";;0;"2024-07-02"
"15087B78-8787-6AF9-D150-5F2CCE680082";101;F918E9CA-0DFB-46EE-9851-2596F653101B;"2024-06-12 16:24:56.993";;0;"2024-06-12"
B46BF423-F80D-FAAC-28BA-B2AD5F164CB4;10018;"32A40CFE-C48E-42AC-AE68-07147088E5A3";"2024-06-26 23:42:45.083";;0;"2024-06-26"
"0173F0BB-150C-A3EB-1A21-00B79A6F725A";101;BBB5C60B-0A68-4EF2-B255-57AD557550E2;"2024-06-28 01:49:05.533";;0;"2024-06-28"
"0D98F9CB-29E2-D599-7FF9-9D0A8C3571D9";101;"98FFCB33-0881-4F2B-8239-18707F5791B6";"2024-07-03 09:53:07.697";;0;"2024-07-03"
CC8B9E90-C3A3-3737-39BB-AFB5AAE63DC6;103;"96E3AFF3-7687-479D-AAEB-1014F3C6D2DC";"2024-06-20 20:47:44.483";;0;"2024-06-20"
C4C502E1-CFF7-FE67-72B7-51480A3CDAEF;-20;E5FF1CB9-F94B-4DDF-8E6C-2822E0C8FDF6;"2024-06-17 16:31:29.417";;0;"2024-06-17"
A67A0675-3535-08A2-D3EB-A9F1EE4B4F2E;141;"0ACB5148-3DC5-4865-AF90-3E97B3BF3AE0";"2024-06-21 03:06:32.197";;0;"2024-06-21"
"2E3373ED-D5B7-2C48-1ADD-D377AB07805D";10689;"5875583E-4E63-4E00-B8C5-1038FBBB8D1A";"2024-06-25 10:24:57.087";;0;"2024-06-25"
D9618D0E-F574-423C-80BF-B19872E42DF3;-20;DDD2D8FA-F7F7-4638-9154-6A7C001C84C8;"2024-06-20 16:18:45.037";;0;"2024-06-20"
A8046331-13E6-34AE-2EAD-F6F577273EFE;-20;A9527486-0F09-40B3-8EFC-1739F7217C43;"2024-06-18 17:47:27.533";;0;"2024-06-18"
C342B03D-C2D5-9797-F891-FD39955BDDF1;10642;"9C38B0A0-F3F3-4D65-9F1A-020D997FBB11";"2024-06-27 17:16:53.353";;0;"2024-06-27"
"83FCAECA-861C-0EF9-4A2B-EF98B5CE0E2F";-20;"73FCA7C2-EBEF-4E7D-8C5E-418A665E6E5F";"2024-06-20 06:00:50.763";;0;"2024-06-20"
CB56C921-28DA-BC4C-659C-2C7E45A84BAB;10018;BCD7F9C8-CDCD-41FF-BABC-07162C95CDEA;"2024-06-25 22:47:00.23";;0;"2024-06-25"
"5AFED105-A001-3EFC-8786-0912848AD760";-20;"4793E675-E609-4B8F-B3A2-1E396480630E";"2024-06-19 12:43:13.867";;0;"2024-06-19"
"523C05C9-B381-5AF6-E6D9-E2597C0BC495";10689;DBB0B3C8-8AF9-4E51-B6F5-01E62D203228;"2024-06-26 11:40:44.367";;0;"2024-06-26"
"35889329-6BCC-2FDC-1800-A2F5DCB109C4";-20;"190E0DF2-4908-4D4F-A240-1CCF4800ACBA";"2024-06-20 13:56:02.517";;0;"2024-06-20"
E2ED4CAA-B939-2D48-0F3F-CE2E74DA867A;10018;E4E115CA-8C5C-4B60-AB23-4C1BD9490198;"2024-06-24 13:58:09.417";;0;"2024-06-24"
D17FC038-43C0-E0A4-795D-727E5A7292E5;-20;"84EAE995-CEDA-4CBC-8E25-7A14D516D806";"2024-07-06 17:05:08.44";;0;"2024-07-06"
"2E8361AA-DC51-F4D5-E63B-00199A488D34";103;"2F34389D-6713-4E84-8C3C-0FEAA0788048";"2024-06-26 13:21:07.783";;0;"2024-06-26"
D52D6091-05CA-8BC4-4C37-C79A8ED5A660;-20;A6FC66BF-0562-4856-965F-1F5C8B203395;"2024-06-22 12:26:35.143";;0;"2024-06-22"
"5120447D-0813-FA78-AB9E-32B27701A721";111;BEF05C96-7547-4934-91DD-095070F606BA;"2024-07-03 15:38:51.467";;0;"2024-07-03"
A166ABDE-14E3-12FB-BD42-A67687211F82;-20;"469ED2AA-8007-48C2-BF29-21028CFAFE93";"2024-06-11 00:18:50.567";;0;"2024-06-11"
"03B912FA-F8B2-5DA6-704C-B8831AFF3CA8";10018;"986C58C0-AEAA-450C-8C44-27421CFCD0E3";"2024-06-25 19:05:32.157";;0;"2024-06-25"
FA4353EE-FECA-19C9-11D0-AAF7EA6ADE1D;-20;"82BFD2AA-EFF9-4863-A1F7-15A014CEFF56";"2024-06-11 10:58:47.24";;0;"2024-06-11"
D172DD07-9FE4-19E9-0204-8135D282893C;-20;"952F0139-FE15-4DC5-8050-30181369F151";"2024-06-24 12:36:12.473";;0;"2024-06-24"
"89916044-7F76-19C6-CEE4-56A25748A69C";101;DD40F569-F480-4350-A763-371209BB761B;"2024-06-26 12:25:37.643";;0;"2024-06-26"
AF396698-2D66-864A-8328-D8012D3B514B;101;"95A5F9FC-FC5D-4E48-9439-0682C62F8259";"2024-06-11 15:08:18.327";;0;"2024-06-11"
"0FD6BD61-6EE5-49B9-7AB6-8BB979424473";-20;F793D8E8-1D1D-450B-A971-0A21BB899A57;"2024-06-14 04:47:11.64";;0;"2023-08-05"
F3AAF96C-E09A-C7A3-AA55-5148C61F89B5;141;EEFCAD3C-0BB6-4633-8143-3FEDBD6C0244;"2024-06-27 16:41:46.81";;0;"2024-06-27"
D4B78C59-F4AB-C1F7-E537-5D13D8839C24;10052;BC3129C6-DB05-40FA-A35D-072C680AD137;"2024-06-28 17:21:11.747";;0;"2024-06-28"
F1D3C5CC-2944-597B-6DFE-2962EADC53A9;-20;"8B2A19F2-C3E6-44DB-82DC-17BA5929378E";"2024-06-13 16:24:59.413";;0;"2024-06-13"
"7BD93564-E45D-DE0F-87A8-224FF2260F07";-20;"0FDFA6B4-E346-4514-A02F-0E320FFF8F42";"2024-06-12 10:41:26.363";;0;"2024-06-12"
"62D50392-7F8C-CE4B-E3BE-9C38FE08912D";-20;"950B01E8-C4FD-4D4F-B833-315E4E4BC26D";"2024-06-19 08:39:25.18";;0;"2024-06-19"
"75BABF8E-01A5-02E5-1263-EB9BA4078A9E";10643;EB23FDC2-54F7-4D89-8B5F-12FC4E317DEC;"2024-06-27 19:56:58.5";;0;"2024-06-27"
"13EBE073-3F64-FD90-AFD3-FE4084F7CC51";-20;BE53F89A-9E3B-47E9-9F6D-03F6580BFA17;"2024-06-15 17:28:33.053";;0;"2024-06-15"
E38587D7-ACD5-CB78-8033-2B693F72213F;10691;"29168809-4168-4739-8EDE-040737FD461C";"2024-07-05 13:29:55.66";;0;"2024-07-05"
"0F346D24-0C8B-3B78-F6F5-3679DC45B5AE";-20;"6192598C-814B-41B7-B157-545C2DF2FD47";"2024-06-16 17:31:14.367";;0;"2024-06-16"
D55C94E8-E35F-FFC2-3A4B-8C518DBA940C;-20;"6B8F4B43-0660-4247-8F69-1581B52D2458";"2024-06-17 13:38:51.38";;0;"2024-06-17"
D65730F7-CD1A-D6D7-0DF0-E40DD077F83F;-20;"040B838F-CBC9-4220-909B-11C9ABFBC6C8";"2024-06-12 23:09:42.18";;0;"2024-06-12"
"7E31BD12-4F50-DA63-2A29-9E781B7905DD";-20;ADFE620A-D9E7-4714-96AE-28440281412C;"2024-06-17 07:44:20.343";;0;"2024-06-17"
A733BBC5-2881-C199-CCF3-26EFC439D396;140;CEA98EC1-5DB0-4470-8F9F-012550EF7B71;"2024-06-23 15:01:30.587";;0;"2024-06-23"
"0424114D-31C5-46AB-F248-68A21FE1E71F";10018;D5D9BA7B-4573-4E29-A5DC-3AD2CB734A07;"2024-06-19 08:37:42.797";;0;"2024-06-11"
A74433AE-97E5-8ACE-7B8A-81482CC4CFBE;10641;"97781540-FB69-46C7-AFB3-0185CAC14143";"2024-06-25 16:48:41.683";;0;"2024-06-25"
"31AD5982-4ABD-6C4A-E544-B089AE81BEEE";10642;"8ECD282F-4E96-45B0-97EC-3E35834F563B";"2024-06-29 10:34:04.343";;0;"2024-06-29"
"9526BB9D-9A74-AA30-50FA-2B8232424BD1";10641;"6CF2765D-9801-4369-8445-268C48DA3E29";"2024-06-22 14:14:46.027";;0;"2024-06-22"
"66F579B6-D0C2-EE5D-A44C-05AC680DB28C";141;C8C535EC-5506-40E4-B536-28295973AADA;"2024-06-27 23:27:56.69";;0;"2024-06-27"
"5F75FB8B-9B10-08B8-D03C-859DC1B4A618";-20;ED54F599-40D1-4D5B-89CC-19EE73155864;"2024-06-11 01:27:33.63";;0;"2024-06-11"
"8F26779F-37EE-B969-52C5-37FD536B9B88";10689;C90FBD43-6507-40C1-8960-4C891E0A646A;"2024-06-24 22:27:58.487";;0;"2024-06-24"
BA353278-D76D-940C-43DE-2B9716E77D00;-20;E4478A6C-E395-4886-9C25-590EA589AD90;"2024-06-17 17:26:32.847";;0;"2024-06-17"
"65403FF3-FC7D-A726-DA73-C17DC4037727";-20;F50D7532-259E-48A6-A043-12B0FCDA6D92;"2024-06-18 20:50:01.153";;0;"2023-05-10"
AC68522E-EA81-29EC-2B93-02A44B8979D2;141;"4821055A-1A09-4FA6-85B5-18A8A6594FF0";"2024-06-28 13:50:30.38";;0;"2024-06-28"
D727701F-7A86-5243-FF94-3F63645ED434;-20;"6C4426A5-F654-4E3F-89FD-0E71F50C8871";"2024-06-13 19:13:10.5";;0;"2024-06-13"
"2188F169-50CC-8447-3B37-2890DCD1282C";141;BA54936D-5AD3-45F3-A6BA-0FB1F60B8B69;"2024-07-06 22:44:28.39";;0;"2024-07-06"
A7A88746-C7F2-2AAD-F806-6EBED01517F3;10689;"065F588D-8E53-41E2-923B-03DC973BDD57";"2024-07-07 22:46:10.5";;0;"2024-07-07"
"4A89EAAF-E0FB-04CD-DCEF-D5204430ED32";-20;A6137AA8-4502-43B3-A560-1192CCA13AEB;"2024-06-20 06:58:15.523";;0;"2024-06-20"
"4DD6BC5B-873A-0E70-B152-15D76A4291A5";10042;"6FD0827D-A18E-48EB-B584-06701F9659E1";"2024-06-27 19:59:19.283";;0;"2024-06-27"
"7FD1D8B7-DEC4-F9C9-57E8-459EFFAF10A6";141;"22E49556-835A-4E10-B3CF-1936DFDC30D2";"2024-07-01 23:39:42.22";;0;"2024-07-01"
"66285C58-960C-0C77-25E9-39DDA7DD8611";101;"94169E6F-3F06-4619-987B-1CA98027ECF5";"2024-07-01 19:10:24.817";;0;"2024-07-01"
DA5C5FB0-0FA6-B1B1-D747-62B6D9F85443;-20;CFE81E54-F71A-45FD-ABE5-0CE57A363161;"2024-06-15 16:24:46.067";;0;"2024-06-15"
AA829C7F-FA18-2E62-458C-A18FA7D7B908;10018;"7AF300E9-0861-44B0-AE39-115AAEB1F33C";"2024-06-25 18:24:25.043";;0;"2024-06-25"
A5E84F47-2F5E-0B02-6C57-806310D2E0FA;10706;E78307B6-6746-4DC5-91DC-4C8CE583C356;"2024-07-06 20:28:59.993";;0;"2024-07-06"
"61BA843E-308C-D7D2-248C-6BCFE40D5359";-20;"2251BAF1-1BA0-45B5-8F5A-071508959010";"2024-06-12 16:38:06.673";;0;"2024-06-12"
"84AAEC25-2295-95ED-A576-3FCCFED2466A";101;"4BC291BF-6356-45B8-BA16-0C36BE7F9940";"2024-06-22 13:20:27.363";;0;"2024-06-22"
"4337A6D6-6A21-6E2F-E114-8F859DB107EC";103;"6865E229-4A88-452A-9589-081C94E4BF15";"2024-06-24 23:20:05.41";;0;"2024-06-24"
D3E4A3E5-6E17-D4F1-50CE-A3FFDE24DE4E;10018;"9A05A8C3-38E1-4E2F-8982-282C3E1DEF18";"2024-06-26 21:10:36.29";;0;"2024-06-26"
"6B21EDF5-306A-0B30-871C-1BBD9A1FBD19";-20;"27D73EFE-3FFC-4093-8993-4710528291BA";"2024-06-14 15:31:06.367";;0;"2024-06-14"
C6E1646E-3B16-332A-6629-E2167A53B0D6;-20;DF4331FA-2028-4F07-AB91-10E4A79D629C;"2024-06-18 21:29:26.953";;0;"2024-06-18"
"5C6655BD-4A32-339A-6767-6D8AE0AC7BC5";101;BDEAA417-C5ED-4ABC-8290-053816C5D41D;"2024-06-30 22:03:31.49";;0;"2024-06-30"
"5D177198-EC77-28C9-5C74-CCF69195D15D";-20;"557F3CBA-ACF5-483C-A963-0754C6312007";"2024-06-11 11:23:29.62";;0;"2024-06-11"
"7C39C490-3888-D1FF-D7E5-34D69D52E746";-20;"1F7ADF46-3980-4594-9BBB-2E9F8B61C53A";"2024-06-14 22:42:19.42";;0;"2024-06-14"
"852D807F-4C0A-6150-7121-576450872014";10018;A7103683-F9CC-4DBA-86FE-1C5861F03685;"2024-06-22 14:48:42.617";;0;"2024-06-22"
E4FB0287-B99B-A8D3-0CA8-CA69C0D4787A;-20;"40D20D27-ED70-4443-8BB9-0FDADA696046";"2024-06-18 20:16:32.423";;0;"2024-06-18"
"8702A34F-55EE-9006-2BEE-ED16E18F200C";-20;"2BE1676B-CCC6-4F37-AD5F-1789EC01FE21";"2024-06-17 16:44:53.437";;0;"2024-06-17"
"3FDB3851-1F3B-E1E2-830D-4BAE5B785088";-20;"057C0A72-74E6-4307-A105-1BEFA34E6D75";"2024-06-11 23:09:57.487";;0;"2024-06-11"
"9E8CA4AA-D4E0-CBA0-739F-C1852CDDC71A";-20;"1C09E513-3426-43D7-B001-18203032A172";"2024-06-18 10:10:48.443";;0;"2024-06-18"
A9EA587E-D3A9-4EE2-1AB3-9A56AF054DE2;10018;"0FD54AED-BAB9-466D-8667-195268587FDD";"2024-06-20 22:31:20.207";;0;"2024-06-20"
"221640CF-67FF-6594-0151-A2C3662FBCE4";10433;"3E3ECF91-AD6D-4ADB-BFB4-0114F2A786B2";"2024-06-20 20:37:21.783";;0;"2024-06-20"
EC16BE71-636A-17FD-1449-74C859F05AC2;-20;"9A16B702-E636-4FB5-84EF-20634B5AA0AA";"2024-06-19 17:27:06.33";;0;"2024-06-19"
"5656EB7D-89ED-8629-814B-A7D174627C5B";-20;BC1761D4-1ED7-49C8-AC36-001BE8074686;"2024-06-20 14:14:26.02";;0;"2024-06-20"
DA607032-0F30-4ECD-3441-16C5D757130A;140;BB85DB22-B6D2-46A0-B2EB-2D26638AFC3C;"2024-06-22 19:22:49.767";;0;"2024-06-22"
"364E70DC-F958-BBE8-C284-648DB8426A9B";103;"7BFA7DE1-884E-4D79-AA64-0684CBCC39E5";"2024-06-28 17:25:50.037";;0;"2024-06-28"
D41BAECC-B570-B32E-D0F0-7537FE67F6BB;-20;"9F60AC6E-4CCB-4A52-9D98-6AAF4C167C91";"2024-06-17 07:36:11.99";;0;"2024-02-11"
DF9DAA9C-F50A-C519-0ED2-C720AEB10C12;-20;"04E9A532-7E18-41F8-B725-325967C95DC4";"2024-06-12 12:07:00.22";;0;"2024-06-12"
"34E40993-F3B0-4747-8ADF-5AB85BA9DBE8";10706;"3ECE1BEA-25B8-45AA-917F-11439452B2DE";"2024-06-25 18:49:44.343";;0;"2024-06-25"
FECD65AB-77BE-C163-5C7D-4DB33F57375E;-20;"5437013C-8D85-4D1A-B3BE-92E6F33D53AB";"2024-06-13 14:46:54.72";;0;"2024-06-13"
"5AE2237C-B16F-CBD7-F2C9-5F6C041124C8";140;"70A40E75-CB90-47A6-A926-032F4903E92F";"2024-06-26 13:12:32.24";;0;"2024-06-26"
"796BC1C9-22A9-44AC-00DE-A35373D12B3C";-20;A5F818E3-9A15-4182-B26E-30B0EB93A554;"2024-06-16 11:46:53.527";;0;"2024-06-16"
D03154BF-CB88-CF6A-C4C3-B77C0A11E0A2;-20;"091A4A15-A3FF-41DF-BE80-0200E7EC923B";"2024-06-18 15:55:51.283";;0;"2024-06-18"
"77930406-8151-FDD8-4005-5C28D058E536";-20;"0CC8946E-16C8-4E7A-83CB-6C515FD29BD2";"2024-06-11 14:50:40.967";;0;"2024-06-11"
"7B29A44C-C992-9D58-6277-725397C8947C";-20;"3CCAE5D3-1FB5-49D9-8E3A-05A2EF9246F7";"2024-06-15 08:05:06.167";;0;"2024-06-15"
"8BCEE6C5-666E-01A8-FFC8-58CE8F336F47";101;"0CBAAF7A-1F17-435F-B2F0-0A2F953DD79D";"2024-07-08 05:25:33.453";;0;"2024-07-08"
"85095CDC-171A-E966-B7B5-DB4D9CA08931";101;"4206C496-2CAB-4AE8-9869-2BE3774917DA";"2024-06-26 11:53:54.933";;0;"2024-06-26"
C0B41409-DEA6-E01B-D7C3-934D26977166;-20;"576B736D-B8B3-4192-BE15-65D5FFEDB954";"2024-06-13 13:40:53.02";;0;"2024-06-13"
"15E3EC01-7F3D-9A52-4950-C9F2490930E7";125;"2516F47A-CB31-4B01-8CA2-02C65489FCE6";"2024-06-24 14:29:04.673";;0;"2024-06-24"
"6CE53423-58B5-6F15-0E20-6D3F938D2957";105;DD0FCA78-D62F-4E7E-B33F-017A2B9EFD41;"2024-06-25 08:45:21.137";;0;"2024-06-25"
D0EAFA6D-E0A8-A138-AF9C-639A70C283C6;-20;EEB135B0-333B-4E89-A8A1-15B6725B8B40;"2024-06-17 13:58:25.043";;0;"2024-06-17"
"37F15C5E-F1A2-C558-B478-0FE07829308F";-20;"1760F4E9-B5E1-40A8-AE04-5C4EF40DC372";"2024-06-16 19:14:50.507";;0;"2024-06-16"
CF7A64AB-C9CF-F6D0-1A13-E87C66157996;-20;"9BD0A44D-6C40-4548-B399-0FBC713BB08B";"2024-06-30 13:16:55.13";;0;"2024-06-30"
E90B5507-DCAB-E738-2F03-43C822D638CD;-20;"2B2CFBDA-651A-44EC-BFB3-7FA5B5ABF9F9";"2024-06-18 15:01:55.193";;0;"2024-06-18"
"40DD11AF-4F56-ED5C-3628-EF2D66BC85CD";-20;D96BDD43-AB79-42C0-BAC4-4E53D61E86D3;"2024-06-19 10:58:29.327";;0;"2024-06-19"
F33007CB-DD06-CB75-C365-8DC0F119737B;101;E0019B67-D0F9-42BD-9C19-79A09C2FAF56;"2024-06-18 10:29:45.883";;0;"2024-06-18"
"8542C1E2-4B08-2C9A-2C6E-F7BC28B4AD79";140;"3AC91229-B9F8-4A6F-8369-039E467C8A80";"2024-06-23 10:26:01.407";;0;"2024-06-23"
C1CE3F2B-421F-CE1B-43F6-2A694AE17422;10641;F61BCE65-0C99-4E14-AC0F-1415AAD85054;"2024-07-01 11:47:32.983";;0;"2024-07-01"
D0924B4F-F8CE-9140-1F93-DA84118E0911;140;"82F24679-724F-434B-8D83-3187B6D047D8";"2024-06-22 17:14:35.737";;0;"2024-06-22"
BA919561-B24C-8EF3-3312-AB8F28D43C8E;103;E736C417-D97A-4E81-B52C-010A3FB5FA9E;"2024-06-21 07:38:45.463";;0;"2024-06-21"
"4C78F91C-9DC5-F615-492F-F244C8340EDA";-20;F5BE415D-8737-4499-87C0-0AF3DA03FA3B;"2024-06-11 12:03:38.233";;0;"2024-06-11"
B48E1EDD-30DC-9128-0EE9-FF8B81D1FDDD;10643;"82BD0548-5C01-45C8-A5B4-31CEB793B35B";"2024-07-03 00:14:17.57";;0;"2024-07-03"
"606DD2B3-7C85-B562-65AD-8E9B99250F9F";10331;"9267EE11-4606-424A-BFEC-0B9A3B65713A";"2024-06-21 03:56:44.213";;0;"2024-06-21"
"7084A541-4762-733C-D540-0AF1EDE0BCA1";-20;"92092D29-7F51-4B68-87EC-4FBDB80EFC9A";"2024-06-17 19:25:15.867";;0;"2024-06-17"
"8657FA17-3BEA-E28F-2641-4E5D3448D9F3";-20;BF670EC6-BE97-435E-9D11-8450508E5145;"2024-06-19 21:06:39.83";;0;"2024-06-19"
"24B71886-0C30-3CF2-CAB9-005B1DF1EFE5";-20;"7FA9CFCC-6F35-42B4-8A98-4A0923B42457";"2024-06-13 13:30:01.76";;0;"2024-01-02"
"460C9C9F-D65A-601B-4540-4D52FC7942C4";10641;"83E33A48-4F74-49C6-B21A-0752BB4C0B3C";"2024-06-28 00:17:34.54";;0;"2024-06-28"
E63C76C8-21CD-20E6-3627-C88CF8A3843B;10641;"3834C8A3-D6AA-43B0-9A67-223B033B0B79";"2024-06-26 09:39:17.31";;0;"2024-06-26"
B8C22821-AF51-05C0-63D6-C307828E7795;-20;"567CEC39-5E26-4542-82E8-394A79637957";"2024-06-13 08:44:17.733";;0;"2024-06-13"
"9F3539E9-D337-F3DE-F081-C5FBCCDED6AF";-20;"04E320E2-827D-4F5D-A3AE-248300A03D05";"2024-06-13 20:38:26.697";;0;"2024-06-13"
C92E3923-215E-867A-E1C6-040713EBD80C;-20;"5D7EA7C1-3A66-4BAF-B5C7-077EED1359AF";"2024-07-02 00:13:07.333";;0;"2024-07-02"
"77A5E5C0-17E7-B94B-415B-4B677FFDB1F8";-20;F4B0131E-3F77-4575-ACFB-004F9557DC41;"2024-06-19 16:44:38.847";;0;"2024-06-19"
"5025B680-C496-F799-415C-9491C30DBF70";10018;"0A485FB2-B78C-4E31-9823-09B419472761";"2024-07-01 21:38:37.307";;0;"2024-07-01"
"0B8EBDF4-283B-6983-7231-F3580BB57601";-20;C9D5DE0D-3317-45C3-8C66-5018B58DDB16;"2024-06-16 17:01:37.82";;0;"2024-06-09"
"99090E88-55D3-F81D-70A4-0CC61FFEEDA6";141;A83D00A1-E0A9-4BB7-847B-1C1C25AAC0AE;"2024-06-25 22:22:29.513";;0;"2024-06-25"
BFDCB7C5-2CBC-C68E-1A80-2719138B430E;-20;E19C527A-7D1F-454D-8D98-377C6EFD0F91;"2024-06-19 16:23:30.757";;0;"2024-06-19"
FC6F0AF0-610B-3395-BCBF-EB8B414EC373;103;AF98DFB1-89EF-4A39-AA3E-1BD29ACD5945;"2024-06-23 21:51:40.98";;0;"2024-06-23"
C0EEBCFE-283B-0CDB-3F4A-E63D64B93659;-20;"42824632-B0B1-4F03-91E9-22CF3E9514B3";"2024-06-12 17:42:03.347";;0;"2024-06-12"
"94D084DB-83E9-567B-B1B3-5A2A25BDFA4C";-20;"511CC956-8F01-45BC-8E3F-30D614C65E32";"2024-06-15 18:20:28.287";;0;"2024-06-15"
BA17F362-F3AB-2260-C33B-4744679511AE;-20;"69F63E4A-FE25-4F2B-858F-732AB281D297";"2024-06-13 17:38:29.383";;0;"2024-06-13"
F87EC193-3717-E15C-DEF2-336A568BA883;141;"207068EC-F79A-40E8-B74D-04A3A85A4976";"2024-06-21 12:14:31.903";;0;"2024-06-21"
"8B56853D-51DD-6CF9-E73C-172212CE9B12";-20;"1BE817C1-47BB-4513-8952-38FD976D5057";"2024-06-20 08:10:16.43";;0;"2024-06-20"
"107B6E26-4C8E-7FB6-FF2E-BCA1A122D326";141;"76B2C797-3B88-4EA9-993C-14B419969D86";"2024-06-27 10:29:27.707";;0;"2024-06-27"
"68A182BC-0BF4-1D99-9F15-79AC88CCB356";-20;C9490757-4062-4EC2-9FA8-13363218429B;"2024-06-13 09:23:34.023";;0;"2024-06-13"
"736C243F-4235-3D53-7075-29CC78BD6C74";-20;B1973418-C1FE-46EB-B6A1-174DBA2D0EE8;"2024-06-14 19:32:18.11";;0;"2024-06-14"
CA71FB7B-66F2-10EE-A03B-5B174C73EA48;10018;"83B06B3F-D5FC-413A-A911-11E1A72B772A";"2024-06-22 14:16:53.023";;0;"2024-06-22"
AC055B38-E85E-217D-D5AF-4248002936F5;-20;"51402FC3-B0AC-4509-B8C7-2CDB5F4C6C5D";"2024-06-20 17:59:06.38";;0;"2024-06-20"
"7603C72B-070D-1D02-7BB7-76DD30B544B0";-20;D9C11D6B-9175-44A1-ADEB-20966E4A9AF2;"2024-06-14 12:59:04.727";;0;"2024-06-14"
"35E96F30-160E-2ADC-26F9-BAF20CDED4C5";-20;"59AA465F-8E2E-4B67-8F43-4871138B30BC";"2024-06-15 14:33:45.08";;0;"2024-06-15"
EE6950E4-D3C4-B4F9-6E52-E8A72C52A869;10689;BC5A2D36-4C85-4930-8536-048B93B1BFE5;"2024-06-26 16:51:24.037";;0;"2024-06-26"
C4AC4F7B-A7BE-2553-845D-D6508316A2EC;10018;"66182020-DCF7-4C45-8475-29C3A66C3F63";"2024-06-24 11:51:10.52";;0;"2024-06-24"
C92E35F7-C5FE-B2C9-48E5-D15AAC817837;141;D8FD35C3-7CED-4FE2-B781-087C2F32A159;"2024-06-22 17:45:05.607";;0;"2024-06-22"
A417F038-1556-6E83-A0A3-14FB811F0453;-20;"09C8AE3A-D6C2-4CFC-BE71-24ED714AE587";"2024-06-20 11:04:14.88";;0;"2024-06-20"
"4BE288EE-5EE8-DE71-6A28-0561D31C89FB";-20;C58E1D02-0A61-49B6-ACDB-111D6AE5187F;"2024-06-23 09:07:56.53";;0;"2024-06-23"
"35FB36E7-8E02-194D-2E21-FD5142DEB8A9";10689;"7BE9D181-8826-427D-AB57-0BC585C81043";"2024-06-30 18:54:05.57";;0;"2024-06-30"
"8822079F-3108-4C0C-B9DB-6B047CF5CF03";140;"86D29A77-0F7E-448F-B03D-3C8C7FE3AE86";"2024-06-27 00:19:14.893";;0;"2024-06-27"
"400E2894-367E-4B6F-AAFE-57390A29EC55";101;C1A6837D-C144-449C-A1B0-067A00EDC5FA;"2024-06-27 00:35:43.583";;0;"2024-06-27"
F1335927-3E3F-CC82-E48C-3D5A259D40D9;103;B6347C1B-E82B-45C6-BD36-116A4E99B46C;"2024-06-27 13:59:23.163";;0;"2024-06-27"
"15D3CB17-90A9-1206-0752-7977A8356547";-20;"39440387-8E4C-4727-8B64-1B468B10E694";"2024-06-12 16:05:34.987";;0;"2024-06-12"
"8E9C12D1-4428-8754-92D0-A566D5CE2508";10432;B0A0F203-66D7-4104-AC30-057EF6FC2247;"2024-06-15 20:40:35.097";;0;"2024-06-15"
A0870000-D3DE-51DC-9CF2-7C3450C3D9BB;-20;"91DD01D4-7A88-4E31-8D41-0BDF48CF297D";"2024-06-19 19:49:07.37";;0;"2024-06-19"
DF74F56C-CCF9-5F7C-AAFC-B88B93566112;-20;"3B86234D-23CA-484B-BC3C-4965ACAB0790";"2024-06-16 13:43:37.513";;0;"2024-06-16"
F536505A-7FE9-AE27-9680-4C486EB1366A;10691;"860FBD3A-0B61-461D-B12C-00B595259690";"2024-07-03 14:53:41.617";;0;"2024-07-03"
"0B9A3A83-54D5-AB20-6CF6-FBB687C8270D";-20;"5C7B399E-8765-40C0-AB58-3A580ECAC661";"2024-06-19 08:26:24.093";;0;"2024-06-19"
ED3F3E2D-1720-9458-2EA9-B59F037A0685;-20;"5DDA1774-8080-479E-A504-D57A063BF3E5";"2024-06-30 09:43:44.583";;0;"2024-06-30"
"0599FF08-3DA6-0C88-C5FC-DEB0CB4035BF";103;"9D5FAE6C-3928-4EEE-ADCF-5251D43A4471";"2024-06-21 22:38:20.617";;0;"2024-06-21"
D155CC25-6DC5-73FC-86E0-C6CAD5FB1395;-20;"75812698-7CA3-4B6F-AAA6-31991CAB27E6";"2024-06-12 13:55:05.903";;0;"2024-06-12"
DBA4CD72-21C2-9431-829B-D6A087FFD731;101;"4786C3D8-E83A-4DF9-9860-04FCC9CDB2B6";"2024-07-01 12:29:24.643";;0;"2024-07-01"
A379972D-800F-8792-3AA2-483D8D6AC693;101;"644E20D9-AC27-4302-9B95-1790F9EE4C3E";"2024-07-03 16:06:19.077";;0;"2024-07-03"
C91C8AF1-F413-31C3-9767-CEB5597BAC8C;-20;"1B392321-9A30-4090-BFDE-11B9B100185A";"2024-06-12 22:48:32.29";;0;"2024-06-12"
"273F6EE1-72D5-51AF-7BBC-51E892BFDF61";-20;CC560A61-A113-41DF-BDBD-1B6D852B0A17;"2024-06-13 21:25:05.687";;0;"2024-06-13"
FD529777-053F-4A21-8F0B-9EFCD5607B57;-20;F51A4802-E15C-4C5E-9695-16374204C004;"2024-06-12 11:36:47.4";;0;"2024-06-12"
FD54F53C-F8C8-CADA-314C-B1D26BA45590;101;D85FFB87-CB35-44D4-9C06-0B0B2B881C8B;"2024-06-23 21:45:35.123";;0;"2024-06-23"
"76511075-2179-DE24-8452-3C1D32C0F17A";10668;"1727A41C-61E1-48BB-A516-3B73FE79A199";"2024-06-29 19:18:52.457";;0;"2024-06-29"
FEFBEB86-25CF-A969-1564-DAD15CA909DF;10689;"6024142B-3D66-45B8-A7E7-23B1961FC063";"2024-06-26 13:18:51.81";;0;"2024-06-26"
"247D5D31-0E05-391E-A303-6EB12D3C7AC0";141;"3BFF139B-8291-4B3E-A49D-0179661EC934";"2024-06-29 11:36:21.167";;0;"2024-06-29"
"24DC0830-B0D8-E731-571A-CAE702CFFB72";-20;"9E5AECEE-5B61-4459-9EE9-1DCA0DB64B72";"2024-06-15 16:03:07.263";;0;"2024-06-15"
F8C17D29-6629-61E9-253F-AE00FAFACF80;-20;"2E2013B0-B5F5-448F-BCDF-01364F20CCCD";"2024-06-17 17:38:56.327";;0;"2024-06-17"
"3CA6B77A-0146-1261-D929-011D8F8A37E0";10691;"48B6A076-1347-44AF-9797-1F02E7B5006E";"2024-07-07 14:00:38.61";;0;"2024-07-07"
BECF1EB9-3AF4-FAA7-422E-5E417F8EB3AD;-20;"4C656A58-4F90-41E2-9EAF-018D379A5FCA";"2024-06-17 12:49:43.373";;0;"2024-06-17"
"89E3CB36-43F1-2C8C-4C79-B042272952E9";-20;D16AD37C-2568-41D8-80FA-1288A3F92D85;"2024-06-18 16:55:54.343";;0;"2024-06-18"
A840F8CE-9085-799B-6AFB-D3BF21125123;10018;F67B6B8A-1846-4ACB-AADE-0B55192ECDEA;"2024-06-22 21:35:52.897";;0;"2024-06-22"
E038FC4F-A6E3-DFD8-6E97-A8AD1096F396;125;"255A2296-4D86-446B-A18F-29B85E4F8B87";"2024-07-07 00:32:57.157";;0;"2024-07-07"
"520FA687-ED99-888B-F88C-0135199614DD";103;F4546466-2493-4805-B5C1-083A756BBDB2;"2024-06-28 20:32:53.493";;0;"2024-06-28"
B1B6748B-85D0-8F92-55A1-7EDAD540BE43;-20;"1C076D90-E5EC-44FD-AE6C-38F59D6F4845";"2024-06-17 11:35:29.807";;0;"2024-06-17"
C3014743-685A-B006-886F-72D8B57B454D;-20;BDD0A62E-C315-47B4-8479-473766E79E3F;"2024-06-17 22:25:31.49";;0;"2024-06-17"
B620DFC5-05BD-B32E-D22A-FCE4666DBA50;10018;D4A12C79-741B-48E9-918A-0C7FB57EAF66;"2024-06-23 08:15:27.257";;0;"2024-06-23"
"3A020097-3BF2-223B-118C-90C4D0F3234F";108;EC0487FD-409B-44BF-9692-359EFD50B4BC;"2024-06-25 17:27:01.027";;0;"2024-06-25"
C16ACB70-510D-5DEF-71A1-A596FEC95E83;10691;"1CD5E617-D9A2-47DB-971C-100318AF7940";"2024-06-29 16:59:06.64";;0;"2024-06-29"
"36B835D9-5165-5A60-BD58-422EA8A27BD8";-20;DE1CC67E-DF78-417F-9233-4315086EE3D6;"2024-06-19 15:38:49.65";;0;"2024-06-19"
"9AD73BFC-9460-28E6-BCE5-D11C4C54E613";10328;"66889CC8-639C-4A3B-A96F-0B791151C089";"2024-06-21 17:30:56.457";;0;"2024-06-21"
DCCFE782-05A9-EBD6-C489-5DAE03552992;-20;FE9B3294-A816-4AAE-AAC2-02FD1FB8A6A0;"2024-06-27 11:20:59.377";;0;"2024-06-27"
"8AB44B32-F3D9-429D-8348-69F224EF1DD6";-20;"5CB1AD78-6232-48E6-B012-2EC85AED233A";"2024-06-11 21:11:33.043";;0;"2024-06-11"
"5C8E6EA6-9C3F-EA98-F64D-35426F16918A";129;C20829B6-0197-438F-8618-01CCA6712638;"2024-06-30 19:58:22.967";;0;"2024-06-30"
"989C4D0C-D71D-1A98-7E6B-1BBB099F271D";11006;"0ECB55FB-3787-4242-9F23-1614D6EBB92F";"2024-07-01 18:54:55.87";;0;"2024-07-01"
"40F80904-D58F-FA72-6CB1-6A0A0D0F94E0";-20;D28A99CD-09F0-4A43-B934-3B8CACEED6A2;"2024-06-12 21:59:19.677";;0;"2024-06-12"
"46ABEF38-8FF2-E1B7-A110-244D9FA2B827";10691;"24362C82-39D1-43A6-AF10-0E6E7E099743";"2024-06-29 07:49:29.893";;0;"2024-06-29"
F284EA1C-53D5-7AFD-C414-1F25FE5CCF38;-20;B0EE97C9-4A93-4B92-98AA-1C9DA7224624;"2024-06-20 05:26:51.657";;0;"2024-06-20"
E36158F6-B71C-3F2E-E4E9-0C765DCB69E2;10689;"9F05A867-DD66-4841-9DFA-15C5F18C586C";"2024-06-27 16:56:01.097";;0;"2024-06-27"
"2096FBFF-AD56-2960-8846-0873BA4484A5";10689;EA5A801E-2D99-4A1F-A7AD-042CDF5D9B61;"2024-07-02 17:03:37.32";;0;"2024-07-02"
"139E1FDA-4B3A-D068-83D6-555CFFA208EA";141;"0DB0DFA8-43BD-46E6-BCDA-609DD500AE44";"2024-06-27 16:44:46.64";;0;"2024-06-27"
"9441343D-8388-C636-FC21-C273FF89F9B2";-20;D60FA575-F3CE-4230-8571-1430074D200B;"2024-06-17 15:07:09.867";;0;"2024-06-17"
"26FDA55B-3858-1515-4903-266105A5A7A7";10689;"25812DB7-2176-40DE-A3A6-043B5D2B3324";"2024-07-02 18:21:34.367";;0;"2024-07-02"
D7489A14-949A-8738-09A2-3EEECF0C94BB;101;"33485EF9-924E-4DEB-AD3D-19F4E1652D19";"2024-06-28 13:36:59.257";;0;"2024-06-28"
AD10B54D-B095-F706-A921-268A574F9ED4;101;"052FEC14-3E3F-4FD4-A765-00D782AB5E56";"2024-06-25 02:05:09.523";;0;"2024-06-25"
B32D6AC2-59B1-3009-8299-1712B9DB6B96;10691;"7329C105-FE50-498B-931D-01709B91AB93";"2024-07-07 08:06:12.273";;0;"2024-07-07"
"719B69C3-00C5-0FE8-9143-61BF2D065140";141;B6819A4D-888E-4CF7-8DD3-1125FB476C64;"2024-06-21 21:36:58.193";;0;"2024-06-21"
